col,occupancy,conservation,top,n,n_distinct
0,0.0522,1.0,M,6,1
1,0.0174,0.5,V,2,2
2,0.0174,0.5,N,2,2
3,0.0174,0.5,N,2,2
4,0.0174,0.5,L,2,2
5,0.0174,0.5,G,2,2
6,0.0174,0.5,I,2,2
7,0.0174,0.5,E,2,2
8,0.0174,1.0,L,2,1
9,0.0261,1.0,F,3,1
10,0.0261,0.6667,L,3,2
11,0.0261,0.3333,Q,3,3
12,0.0261,0.6667,K,3,2
13,0.0174,0.5,N,2,2
14,0.0174,1.0,K,2,1
15,0.0087,1.0,P,1,1
16,0.0087,1.0,W,1,1
17,0.0087,1.0,L,1,1
18,0.0087,1.0,V,1,1
19,0.0174,0.5,I,2,2
20,0.0261,0.3333,M,3,3
21,0.0957,0.4545,M,11,6
22,0.4609,0.9623,M,53,3
23,0.4522,0.5192,K,52,12
24,0.4348,0.22,K,50,17
25,0.3217,0.1892,K,37,13
26,0.3478,0.325,L,40,11
27,0.3478,0.225,K,40,14
28,0.3391,0.1795,K,39,12
29,0.0261,0.3333,R,3,3
30,0.0174,1.0,P,2,1
31,0.0174,0.5,G,2,2
32,0.0174,0.5,R,2,2
33,0.0348,0.5,W,4,3
34,0.0696,0.25,K,8,6
35,0.0783,0.7778,K,9,3
36,0.0957,0.3636,L,11,7
37,0.1913,0.4091,L,22,9
38,0.1913,0.2273,A,22,10
39,0.3652,0.2857,L,42,11
40,0.3826,0.2955,L,44,12
41,0.3913,0.4222,L,45,8
42,0.4,0.2174,L,46,12
43,0.4,0.2391,A,46,11
44,0.4,0.1957,A,46,12
45,0.4174,0.3125,L,48,12
46,0.4174,0.2292,A,48,11
47,0.4174,0.375,L,48,10
48,0.4174,0.1875,L,48,15
49,0.4174,0.25,L,48,13
50,0.0957,0.2727,A,11,5
51,0.087,0.3,A,10,6
52,0.087,0.4,A,10,5
53,0.0783,0.3333,L,9,6
54,0.0783,0.4444,G,9,3
55,0.0783,0.3333,G,9,6
56,0.0783,0.3333,G,9,5
57,0.0783,0.3333,V,9,7
58,0.0783,0.4444,L,9,4
59,0.0783,0.5556,F,9,3
60,0.0783,0.4444,R,9,5
61,0.0783,0.2222,A,9,8
62,0.0783,0.5556,E,9,3
63,0.0783,0.5556,L,9,4
64,0.0783,0.4444,K,9,5
65,0.0783,0.5556,T,9,3
66,0.0783,0.4444,L,9,3
67,0.0783,0.3333,G,9,6
68,0.0783,0.5556,T,9,2
69,0.0783,0.5556,I,9,2
70,0.0783,0.3333,E,9,4
71,0.0783,0.5556,K,9,3
72,0.0783,0.3333,V,9,4
73,0.0348,0.75,T,4,2
74,0.0261,0.6667,D,3,2
75,0.0261,1.0,Y,3,1
76,0.0087,1.0,A,1,1
77,0.087,0.6,D,10,3
78,0.087,0.4,N,10,4
79,0.0783,0.3333,Y,9,5
80,0.0783,0.2222,D,9,6
81,0.0783,1.0,L,9,1
82,0.0783,0.7778,Y,9,2
83,0.0783,0.3333,T,9,6
84,0.0783,0.8889,M,9,2
85,0.0783,0.4444,D,9,5
86,0.0783,0.5556,Y,9,3
87,0.0783,0.2222,D,9,7
88,0.0783,0.5556,G,9,3
89,0.087,0.8,D,10,3
90,0.087,1.0,Y,10,1
91,0.087,0.4,G,10,5
92,0.087,0.5,L,10,3
93,0.087,0.8,D,10,2
94,0.087,0.5,D,10,4
95,0.087,0.6,F,10,4
96,0.0783,0.6667,L,9,2
97,0.0174,0.5,A,2,2
98,0.0783,0.3333,E,9,6
99,0.0783,0.2222,G,9,8
100,0.0783,0.8889,G,9,2
101,0.0783,0.5556,A,9,3
102,0.0783,0.4444,S,9,5
103,0.0783,0.3333,S,9,4
104,0.0783,0.6667,D,9,3
105,0.0783,0.3333,Q,9,6
106,0.0783,0.5556,E,9,4
107,0.0783,0.4444,L,9,5
108,0.0783,0.3333,V,9,4
109,0.0783,0.3333,D,9,5
110,0.0783,0.6667,F,9,2
111,0.0783,0.4444,V,9,3
112,0.0783,0.3333,T,9,6
113,0.0783,0.2222,E,9,6
114,0.0783,0.3333,E,9,5
115,0.0783,0.5556,L,9,4
116,0.0783,0.7778,L,9,3
117,0.0783,0.5556,K,9,3
118,0.0783,0.6667,G,9,4
119,0.0783,0.5556,L,9,5
120,0.0087,1.0,Y,1,1
121,0.0783,0.7778,P,9,3
122,0.0783,0.2222,L,9,6
123,0.0957,0.3636,E,11,5
124,0.1217,0.2857,F,14,8
125,0.4696,0.1667,P,54,19
126,0.4696,0.1296,A,54,15
127,0.4696,0.2037,P,54,16
128,0.487,0.3929,A,56,12
129,0.487,0.1964,L,56,16
130,1.0,0.5565,M,115,5
131,1.0,1.0,C,115,1
132,1.0,0.8435,T,115,3
133,0.0087,1.0,Q,1,1
134,1.0,0.5391,A,115,11
135,1.0,0.4,A,115,8
136,1.0,0.5217,T,115,12
137,1.0,0.5043,Y,115,11
138,1.0,0.3913,K,115,15
139,0.0087,1.0,F,1,1
140,0.9913,0.5,T,114,10
141,0.9826,0.4425,K,113,12
142,0.9826,0.6726,D,113,12
143,0.5478,0.6508,G,63,11
144,0.5217,0.15,T,60,12
145,0.0087,1.0,P,1,1
146,0.0087,1.0,V,1,1
147,0.0174,1.0,H,2,1
148,0.9913,0.3684,F,114,15
149,1.0,0.4957,Y,115,9
150,1.0,0.4522,F,115,12
151,1.0,0.7739,G,115,4
152,1.0,0.9913,R,115,2
153,1.0,0.687,T,115,3
154,1.0,0.4783,L,115,6
155,1.0,0.8087,D,115,3
156,1.0,0.4435,Y,115,6
157,0.9913,0.4649,E,114,15
158,0.1739,0.5,G,20,7
159,0.9913,0.3947,F,114,16
160,1.0,0.4957,S,115,13
161,0.0348,0.75,T,4,2
162,0.9913,0.4737,Y,114,13
163,1.0,0.4609,G,115,13
164,1.0,0.287,E,115,14
165,1.0,0.313,E,115,16
166,1.0,0.3565,V,115,7
167,1.0,0.3043,V,115,12
168,1.0,0.3913,I,115,10
169,1.0,0.4087,T,115,12
170,1.0,0.9565,P,115,5
171,1.0,0.8174,R,115,9
172,1.0,0.4087,N,115,9
173,1.0,0.5391,Y,115,14
174,0.9913,0.2807,P,114,13
175,0.9913,0.3509,F,114,13
176,0.9913,0.1228,S,114,17
177,0.9913,0.386,F,114,14
178,0.9913,0.3772,R,114,15
179,0.0261,0.3333,K,3,3
180,0.0261,0.3333,L,3,3
181,0.0261,1.0,A,3,1
182,0.0174,1.0,G,2,1
183,0.0174,0.5,M,2,2
184,0.0261,0.6667,D,3,2
185,0.0261,0.3333,V,3,3
186,0.9043,0.3173,H,104,16
187,0.8957,0.1942,M,103,16
188,0.4261,0.1837,D,49,12
189,0.2174,0.6,G,25,9
190,0.2087,0.1667,E,24,11
191,0.0609,0.5714,N,7,4
192,0.0348,0.5,N,4,2
193,0.0522,0.3333,L,6,4
194,0.1217,0.4286,L,14,9
195,0.3652,0.4286,N,42,11
196,0.3739,0.4419,G,43,9
197,0.913,0.2952,G,105,16
198,0.913,0.2571,K,105,17
199,0.913,0.219,W,105,16
200,1.0,0.2609,T,115,16
201,1.0,0.3043,S,115,13
202,1.0,0.4087,H,115,12
203,1.0,0.8261,Y,115,7
204,1.0,0.5391,A,115,7
205,1.0,0.2435,I,115,12
206,1.0,0.5739,I,115,5
207,1.0,0.8,G,115,9
208,1.0,0.4174,M,115,10
209,1.0,0.5739,A,115,8
210,1.0,0.2783,H,115,15
211,0.0783,0.4444,D,9,5
212,0.0522,0.6667,K,6,3
213,0.0783,0.5556,L,9,3
214,0.0783,0.5556,P,9,4
215,0.0783,0.4444,D,9,5
216,0.0783,0.5556,S,9,4
217,0.6696,0.6364,V,77,13
218,0.6696,0.4805,A,77,13
219,0.6435,0.2568,D,74,10
220,0.0957,0.4545,K,11,6
221,0.087,0.4,L,10,6
222,0.087,0.4,A,10,5
223,0.0957,0.4545,A,11,4
224,0.113,0.5385,L,13,7
225,0.3043,0.3143,E,35,12
226,1.0,0.2522,D,115,14
227,1.0,0.4348,Y,115,17
228,1.0,0.5391,P,115,16
229,1.0,0.487,L,115,12
230,1.0,0.4522,Y,115,12
231,1.0,0.4696,Y,115,12
232,1.0,0.7478,D,115,3
233,1.0,0.5565,G,115,3
234,1.0,0.2696,V,115,10
235,1.0,1.0,N,115,1
236,1.0,0.9565,E,115,4
237,1.0,0.687,K,115,10
238,1.0,1.0,G,115,1
239,1.0,0.8435,L,115,5
240,1.0,0.287,G,115,10
241,1.0,0.4,M,115,8
242,1.0,0.5913,A,115,8
243,1.0,0.5043,G,115,11
244,1.0,0.8174,L,115,4
245,1.0,0.4783,N,115,11
246,1.0,0.6696,F,115,7
247,1.0,0.4,V,115,10
248,1.0,0.5826,G,115,12
249,0.8348,0.5104,N,96,9
250,1.0,0.5913,A,115,7
251,1.0,0.2087,V,115,18
252,1.0,0.7913,Y,115,9
253,0.0087,1.0,A,1,1
254,1.0,0.2,Q,115,17
255,0.9304,0.215,E,107,12
256,0.7913,0.2308,V,91,14
257,0.3652,0.381,D,42,9
258,0.3565,0.3659,P,41,9
259,0.0261,0.3333,P,3,3
260,0.0174,0.5,G,2,2
261,0.9826,0.1593,D,113,15
262,0.9826,0.2035,E,113,17
263,0.0174,0.5,N,2,2
264,0.0174,0.5,S,2,2
265,0.0174,0.5,S,2,2
266,0.0087,1.0,C,1,1
267,0.0087,1.0,E,1,1
268,0.0174,1.0,N,2,1
269,0.0174,1.0,G,2,1
270,0.0174,0.5,T,2,2
271,0.0174,0.5,C,2,2
272,0.0087,1.0,G,1,1
273,0.0087,1.0,I,1,1
274,1.0,0.3565,G,115,11
275,1.0,0.4348,K,115,15
276,1.0,0.1739,P,115,15
277,1.0,0.487,N,115,14
278,1.0,0.4087,I,115,5
279,0.0087,1.0,R,1,1
280,1.0,0.5652,A,115,14
281,1.0,0.3043,Q,115,11
282,1.0,0.4174,F,115,13
283,1.0,0.5391,E,115,14
284,1.0,0.4435,F,115,8
285,1.0,0.513,I,115,8
286,1.0,0.4609,P,115,12
287,1.0,0.6261,W,115,9
288,1.0,0.4783,I,115,7
289,1.0,0.9565,L,115,3
290,1.0,0.3826,G,115,9
291,1.0,0.3913,Q,115,11
292,1.0,0.5739,C,115,6
293,1.0,0.6435,A,115,11
294,1.0,0.5391,T,115,7
295,1.0,0.7391,V,115,5
296,1.0,0.3217,D,115,14
297,1.0,0.8348,E,115,4
298,1.0,0.5565,A,115,5
299,1.0,0.3043,R,115,11
300,1.0,0.3478,E,115,12
301,1.0,0.3652,L,115,14
302,1.0,0.7043,L,115,7
303,1.0,0.2174,E,115,14
304,1.0,0.2609,K,115,13
305,0.1391,0.3125,E,16,7
306,0.1217,0.2143,T,14,9
307,1.0,0.2783,I,115,8
308,1.0,0.3913,N,115,15
309,1.0,0.3913,L,115,4
310,0.9913,0.5,V,114,15
311,0.9913,0.2368,G,114,11
312,0.9913,0.3509,T,114,13
313,0.9913,0.3772,P,114,16
314,0.9043,0.5,F,104,15
315,0.8,0.337,S,92,15
316,0.7826,0.4,E,90,13
317,0.7739,0.3483,Q,89,16
318,0.0522,0.5,G,6,4
319,0.7565,0.3678,L,87,13
320,0.8609,0.5455,P,99,14
321,0.0174,0.5,K,2,2
322,0.0087,1.0,S,1,1
323,0.0087,1.0,S,1,1
324,0.0087,1.0,T,1,1
325,0.0087,1.0,L,1,1
326,0.0087,1.0,R,1,1
327,0.0087,1.0,P,1,1
328,0.0087,1.0,G,1,1
329,0.0087,1.0,S,1,1
330,0.0087,1.0,I,1,1
331,0.0087,1.0,P,1,1
332,0.0087,1.0,K,1,1
333,0.0174,1.0,P,2,1
334,0.0174,0.5,F,2,2
335,0.0087,1.0,L,1,1
336,0.0087,1.0,S,1,1
337,0.0087,1.0,L,1,1
338,0.0087,1.0,Q,1,1
339,0.0087,1.0,D,1,1
340,0.0087,1.0,G,1,1
341,0.0087,1.0,H,1,1
342,0.0087,1.0,G,1,1
343,0.0087,1.0,G,1,1
344,0.0087,1.0,T,1,1
345,0.0087,1.0,I,1,1
346,0.0087,1.0,G,1,1
347,0.0174,1.0,D,2,1
348,0.0174,0.5,S,2,2
349,0.9391,0.2037,A,108,16
350,1.0,0.4609,A,115,12
351,1.0,0.2435,Q,115,16
352,1.0,0.6783,L,115,9
353,1.0,0.9913,H,115,2
354,1.0,0.6696,W,115,6
355,1.0,0.313,I,115,12
356,1.0,0.687,I,115,6
357,1.0,0.4696,A,115,11
358,1.0,0.9565,D,115,2
359,1.0,0.2696,A,115,13
360,1.0,0.2522,S,115,11
361,0.513,1.0,G,59,1
362,1.0,0.2783,E,115,10
363,1.0,0.3478,S,115,10
364,1.0,0.5565,I,115,6
365,1.0,0.5739,V,115,5
366,1.0,0.5217,V,115,6
367,1.0,0.9913,E,115,2
368,1.0,0.2348,S,115,13
369,1.0,0.2783,V,115,9
370,1.0,0.2087,A,115,14
371,0.0348,0.25,V,4,4
372,1.0,0.4261,D,115,10
373,1.0,0.5304,G,115,11
374,0.0261,0.6667,P,3,2
375,0.0261,0.3333,T,3,3
376,0.0261,1.0,R,3,1
377,0.0261,0.3333,E,3,3
378,1.0,0.5826,L,115,10
379,1.0,0.3826,H,115,14
380,1.0,0.3913,V,115,8
381,1.0,0.5913,Y,115,12
382,1.0,0.4696,D,115,12
383,1.0,0.6435,N,115,11
384,0.2348,0.2593,K,27,7
385,0.113,0.2308,R,13,8
386,0.0174,0.5,D,2,2
387,0.0087,1.0,D,1,1
388,0.0087,1.0,E,1,1
389,0.0087,1.0,N,1,1
390,0.0087,1.0,T,1,1
391,0.0087,1.0,S,1,1
392,0.0087,1.0,A,1,1
393,0.9304,0.5514,P,107,12
394,0.9391,0.4537,V,108,12
395,0.9391,0.713,G,108,10
396,0.9391,0.8796,V,108,8
397,1.0,0.6609,L,115,6
398,1.0,0.9304,T,115,3
399,1.0,1.0,N,115,1
400,0.9217,0.4717,N,106,8
401,0.9217,0.9906,P,106,2
402,0.9217,0.4528,P,106,13
403,0.913,0.7238,F,105,5
404,0.913,0.4,D,105,8
405,0.913,0.3048,W,105,14
406,0.9043,0.7692,Q,104,4
407,0.9043,0.4423,M,104,9
408,0.9043,0.4519,F,104,10
409,0.7913,0.5055,N,91,12
410,0.9043,0.9231,L,104,4
411,0.9043,0.6923,N,104,10
412,0.9043,0.6827,N,104,11
413,0.0348,0.25,L,4,4
414,0.0174,1.0,K,2,1
415,0.0087,1.0,D,1,1
416,0.0174,1.0,L,2,1
417,0.0174,0.5,G,2,2
418,0.9739,0.875,Y,112,3
419,0.8609,0.3939,M,99,14
420,0.8609,0.303,N,99,16
421,0.8522,0.7551,L,98,9
422,0.0087,1.0,N,1,1
423,0.0087,1.0,L,1,1
424,0.0087,1.0,L,1,1
425,0.0087,1.0,T,1,1
426,0.0087,1.0,E,1,1
427,0.0087,1.0,S,1,1
428,0.0087,1.0,E,1,1
429,0.0087,1.0,N,1,1
430,0.0087,1.0,T,1,1
431,0.0087,1.0,S,1,1
432,0.0087,1.0,V,1,1
433,0.7652,0.6477,S,88,11
434,0.7652,0.5795,P,88,10
435,0.7652,0.3977,K,88,12
436,0.7652,0.4659,Q,88,12
437,0.7652,0.625,P,88,10
438,0.7652,0.4545,E,88,13
439,0.7652,0.5682,N,88,15
440,0.7652,0.1932,H,88,13
441,0.7652,0.5568,F,88,13
442,0.7652,0.3295,S,88,11
443,0.0087,1.0,Y,1,1
444,0.0348,0.75,Y,4,2
445,0.0348,0.5,E,4,3
446,0.7652,0.2727,G,88,10
447,0.7739,0.1573,N,89,14
448,0.7913,0.5055,L,91,12
449,0.7826,0.1889,P,90,15
450,0.7913,0.7692,L,91,9
451,0.8,0.1848,S,92,15
452,0.0174,0.5,N,2,2
453,0.0174,0.5,D,2,2
454,0.0261,0.6667,H,3,2
455,0.0261,0.3333,P,3,3
456,0.0261,0.3333,N,3,3
457,0.0261,0.3333,Q,3,3
458,0.0174,0.5,V,2,2
459,0.0174,0.5,Q,2,2
460,0.0174,1.0,D,2,1
461,0.0174,1.0,I,2,1
462,0.8609,0.2222,P,99,13
463,0.9739,0.4643,Y,112,12
464,0.9739,0.4821,S,112,12
465,0.9739,0.4554,R,112,15
466,0.9739,0.7679,G,112,11
467,0.9739,0.4375,M,112,12
468,0.9739,0.9464,G,112,4
469,0.9043,0.3942,A,104,11
470,0.0087,1.0,L,1,1
471,0.0087,1.0,E,1,1
472,0.0087,1.0,G,1,1
473,0.0087,1.0,T,1,1
474,0.0087,1.0,I,1,1
475,0.0087,1.0,G,1,1
476,0.9217,0.4245,L,106,17
477,0.9217,0.7925,G,106,9
478,0.9217,0.7925,L,106,4
479,0.9217,1.0,P,106,1
480,0.9217,0.9906,G,106,2
481,0.913,0.8,D,105,5
482,0.0087,1.0,D,1,1
483,0.0087,1.0,K,1,1
484,0.9217,0.4623,L,106,13
485,0.9913,0.5439,S,114,7
486,0.9913,0.5614,S,114,4
487,0.9913,0.3158,P,114,14
488,0.9913,0.7105,S,114,7
489,0.9913,1.0,R,114,1
490,1.0,0.9043,F,115,4
491,1.0,0.6174,V,115,7
492,1.0,0.7652,R,115,9
493,1.0,0.4783,A,115,9
494,1.0,0.6609,A,115,11
495,1.0,0.6696,F,115,12
496,1.0,0.3304,T,115,10
497,1.0,0.4,K,115,16
498,1.0,0.1826,M,115,17
499,1.0,0.3913,N,115,14
500,0.0348,0.25,V,4,4
501,0.0261,0.3333,Y,3,3
502,0.0087,1.0,L,1,1
503,0.0087,1.0,R,1,1
504,0.0087,1.0,L,1,1
505,0.0087,1.0,A,1,1
506,0.0087,1.0,A,1,1
507,0.0087,1.0,E,1,1
508,0.0783,0.2222,C,9,6
509,0.0087,1.0,K,1,1
510,0.0087,1.0,L,1,1
511,0.0087,1.0,A,1,1
512,0.0087,1.0,L,1,1
513,0.0087,1.0,K,1,1
514,0.0087,1.0,A,1,1
515,0.0087,1.0,S,1,1
516,0.0087,1.0,G,1,1
517,0.0087,1.0,I,1,1
518,0.0087,1.0,I,1,1
519,0.9043,0.3462,A,104,11
520,0.9043,0.3269,P,104,13
521,0.913,0.4476,S,105,15
522,0.9043,0.4038,G,104,15
523,0.9043,0.2596,D,104,15
524,0.0087,1.0,I,1,1
525,0.9913,0.3596,S,114,9
526,1.0,0.5739,E,115,14
527,1.0,0.1478,E,115,16
528,1.0,0.487,E,115,17
529,1.0,0.4087,S,115,14
530,1.0,0.687,V,115,12
531,1.0,0.3913,S,115,15
532,1.0,0.6174,Q,115,15
533,1.0,0.4,F,115,11
534,0.0174,0.5,G,2,2
535,1.0,0.7826,F,115,9
536,1.0,0.6348,H,115,11
537,1.0,0.713,I,115,7
538,1.0,0.8,L,115,5
539,1.0,0.3913,G,115,12
540,1.0,0.4957,S,115,8
541,1.0,0.6783,V,115,7
542,0.9913,0.4298,D,114,12
543,0.9913,0.5175,Q,114,10
544,0.9739,0.4554,P,112,10
545,0.9478,0.3853,R,109,14
546,0.0522,0.3333,Q,6,4
547,0.0087,1.0,K,1,1
548,0.9043,0.9808,G,104,3
549,0.8957,0.4369,C,103,12
550,0.9043,0.4712,C,104,11
551,0.9043,0.3846,E,104,16
552,0.9304,0.4019,V,107,14
553,0.8261,0.2421,A,95,13
554,0.0609,0.2857,P,7,5
555,0.9739,0.3482,E,112,14
556,0.0435,0.4,P,5,4
557,0.9913,0.6404,G,114,12
558,0.9913,0.4912,K,114,13
559,1.0,0.4348,Y,115,15
560,0.0174,1.0,T,2,1
561,0.0174,0.5,P,2,2
562,0.0174,0.5,H,2,2
563,0.0435,0.4,D,5,4
564,0.0435,0.4,D,5,4
565,0.1652,0.6842,P,19,7
566,0.1478,0.2941,V,17,7
567,0.1913,0.5909,D,22,6
568,0.2261,0.5,I,26,9
569,0.2348,0.5926,P,27,8
570,0.9913,0.4825,E,114,11
571,1.0,0.3652,I,115,14
572,1.0,0.9826,T,115,2
573,1.0,0.3304,Q,115,7
574,1.0,0.5739,Y,115,4
575,1.0,0.6609,T,115,6
576,1.0,0.6261,S,115,10
577,0.0087,1.0,L,1,1
578,0.0087,1.0,A,1,1
579,0.0087,1.0,N,1,1
580,0.0087,1.0,Q,1,1
581,0.0087,1.0,S,1,1
582,0.0087,1.0,L,1,1
583,0.0087,1.0,P,1,1
584,0.0087,1.0,T,1,1
585,0.0087,1.0,D,1,1
586,0.0087,1.0,E,1,1
587,0.0087,1.0,K,1,1
588,1.0,0.4783,C,115,8
589,1.0,0.3913,C,115,14
590,1.0,0.4783,N,115,5
591,1.0,0.3043,A,115,14
592,1.0,0.2435,T,115,13
593,1.0,0.3391,K,115,12
594,1.0,0.5217,G,115,13
595,1.0,0.4783,I,115,12
596,0.087,0.6,A,10,3
597,0.087,0.2,S,10,8
598,0.087,0.5,I,10,5
599,1.0,0.6783,Y,115,8
600,1.0,0.8261,Y,115,8
601,1.0,0.6348,Y,115,11
602,1.0,0.3913,T,115,14
603,1.0,0.713,T,115,12
604,1.0,0.6783,Y,115,9
605,1.0,0.313,D,115,15
606,1.0,0.6522,N,115,11
607,1.0,0.2783,H,115,13
608,0.0174,0.5,N,2,2
609,0.9217,0.4811,Q,106,12
610,0.913,0.7714,I,105,8
611,0.913,0.2571,T,105,14
612,0.913,0.4476,A,105,12
613,0.9217,0.6415,V,106,6
614,0.9217,0.7075,D,106,12
615,0.9217,0.5,M,106,5
616,0.913,0.3714,H,105,14
617,0.913,0.3048,K,105,13
618,0.913,0.4095,E,105,14
619,0.8783,0.5545,D,101,11
620,0.8957,0.5534,L,103,10
621,0.9043,0.4519,D,104,11
622,0.9043,0.2788,G,104,14
623,0.9043,0.1442,G,104,13
624,0.9043,0.2212,E,104,13
625,0.2174,0.48,P,25,9
626,0.9826,0.4248,L,113,16
627,0.9913,0.2105,I,114,16
628,0.9304,0.2056,R,107,16
629,0.9913,0.4561,Y,114,13
630,0.9913,0.4912,P,114,14
631,0.9739,0.5268,L,112,11
632,0.9565,0.2364,D,110,18
633,0.9565,0.1818,K,110,15
634,0.1913,0.4091,G,22,7
635,0.1826,0.1905,E,21,11
636,0.1826,0.2381,T,21,10
637,0.0087,1.0,Y,1,1
638,0.1478,0.5294,Y,17,5
639,0.1739,0.3,A,20,10
640,0.1826,0.8571,G,21,4
641,0.3217,0.2973,D,37,10
642,0.3217,0.2703,K,37,11
643,0.8783,0.2574,E,101,14
644,0.8783,0.297,Q,101,15
645,0.8609,0.202,Q,99,17
646,0.8783,0.5248,I,101,7
647,0.8783,0.1485,E,101,18
648,0.8696,0.14,W,100,17
649,0.8783,0.4059,Q,101,14
650,0.8609,0.5455,N,99,13
651,0.2696,0.3226,I,31,9
652,0.3478,0.325,P,40,10
653,0.2261,0.5385,F,26,9
654,0.2,0.3043,K,23,13
655,0.1739,0.7,F,20,6
656,0.1478,0.4118,L,17,7
657,0.087,0.3,F,10,6
658,0.1217,0.6429,G,14,6
659,0.1043,0.4167,I,12,5
660,0.0261,0.3333,C,3,3
661,0.0261,0.3333,S,3,3
662,0.0261,0.3333,I,3,3
663,0.0174,1.0,L,2,1
664,0.0087,1.0,N,1,1
665,0.0087,1.0,N,1,1
666,0.0087,1.0,S,1,1
667,0.0087,1.0,C,1,1
668,0.0087,1.0,L,1,1
669,0.0087,1.0,I,1,1
670,0.0087,1.0,S,1,1
671,0.0261,0.6667,P,3,2
672,0.0783,0.8889,K,9,2
673,0.0348,0.25,D,4,4
674,0.0087,1.0,Y,1,1
675,0.0087,1.0,F,1,1
676,0.0087,1.0,S,1,1
677,0.0087,1.0,A,1,1
678,0.0087,1.0,L,1,1
679,0.0087,1.0,P,1,1
680,0.0087,1.0,D,1,1
681,0.0087,1.0,H,1,1
682,0.0087,1.0,I,1,1
683,0.0087,1.0,L,1,1
684,0.0087,1.0,D,1,1
685,0.0087,1.0,R,1,1
686,0.0087,1.0,F,1,1
687,0.0087,1.0,S,1,1
688,0.0174,1.0,G,2,1
689,0.0174,0.5,E,2,2
690,0.0087,1.0,P,1,1
691,0.0174,1.0,E,2,1
692,0.0261,0.6667,T,3,2
693,0.0261,0.3333,R,3,3
694,0.0087,1.0,F,1,1
695,0.0087,1.0,C,1,1
696,0.087,0.3,N,10,7
697,0.1043,0.3333,S,12,7
