alignment_position,consensus_residue,conservation_score,gap_fraction,is_conserved,is_high_gap
0,M,1.0,0.9921259842519685,True,True
1,M,0.6666666666666666,0.9763779527559056,False,True
2,Q,0.25,0.968503937007874,False,True
3,M,0.5,0.968503937007874,False,True
4,T,0.5,0.968503937007874,False,True
5,T,0.4,0.9606299212598425,False,True
6,Q,0.2,0.9606299212598425,False,True
7,S,0.16666666666666666,0.952755905511811,False,True
8,M,0.25,0.937007874015748,False,True
9,K,0.375,0.937007874015748,False,True
10,H,0.2222222222222222,0.9291338582677166,False,True
11,K,0.6666666666666666,0.9291338582677166,False,True
12,I,0.2222222222222222,0.9291338582677166,False,True
13,I,0.3333333333333333,0.9291338582677166,False,True
14,R,0.3333333333333333,0.9291338582677166,False,True
15,I,0.2222222222222222,0.9291338582677166,False,True
16,L,0.3333333333333333,0.9291338582677166,False,True
17,L,0.4444444444444444,0.9291338582677166,False,True
18,G,0.2222222222222222,0.9291338582677166,False,True
19,L,0.4444444444444444,0.9291338582677166,False,True
20,L,0.4444444444444444,0.9291338582677166,False,True
21,G,0.3333333333333333,0.9291338582677166,False,True
22,A,0.3333333333333333,0.9291338582677166,False,True
23,L,0.4444444444444444,0.9291338582677166,False,True
24,A,0.4444444444444444,0.9291338582677166,False,True
25,G,0.2222222222222222,0.9291338582677166,False,True
26,L,0.4444444444444444,0.9291338582677166,False,True
27,A,0.4444444444444444,0.9291338582677166,False,True
28,A,0.6666666666666666,0.9291338582677166,False,True
29,A,0.5555555555555556,0.9291338582677166,False,True
30,G,0.2222222222222222,0.9291338582677166,False,True
31,G,0.2222222222222222,0.9291338582677166,False,True
32,I,0.2222222222222222,0.9291338582677166,False,True
33,G,0.3333333333333333,0.9291338582677166,False,True
34,V,0.3333333333333333,0.9291338582677166,False,True
35,A,0.3,0.9212598425196851,False,True
36,E,0.2,0.9212598425196851,False,True
37,T,0.2,0.9212598425196851,False,True
38,F,0.3,0.9212598425196851,False,True
39,K,0.2,0.9212598425196851,False,True
40,K,0.2,0.9212598425196851,False,True
41,E,0.3,0.9212598425196851,False,True
42,I,0.4,0.9212598425196851,False,True
43,S,0.2727272727272727,0.9133858267716536,False,True
44,T,0.36363636363636365,0.9133858267716536,False,True
45,I,0.36363636363636365,0.9133858267716536,False,True
46,G,0.2727272727272727,0.9133858267716536,False,True
47,K,0.2727272727272727,0.9133858267716536,False,True
48,L,0.36363636363636365,0.9133858267716536,False,True
49,K,0.2727272727272727,0.9133858267716536,False,True
50,D,0.2727272727272727,0.9133858267716536,False,True
51,Y,0.18181818181818182,0.9133858267716536,False,True
52,D,0.5454545454545454,0.9133858267716536,False,True
53,N,0.2727272727272727,0.9133858267716536,False,True
54,Y,0.2727272727272727,0.9133858267716536,False,True
55,N,0.18181818181818182,0.9133858267716536,False,True
56,L,0.6363636363636364,0.9133858267716536,False,True
57,Y,0.6363636363636364,0.9133858267716536,False,True
58,R,0.18181818181818182,0.9133858267716536,False,True
59,M,0.5454545454545454,0.9133858267716536,False,True
60,D,0.36363636363636365,0.9133858267716536,False,True
61,Y,0.36363636363636365,0.9133858267716536,False,True
62,D,0.2727272727272727,0.9133858267716536,False,True
63,Y,0.36363636363636365,0.9133858267716536,False,True
64,D,0.5,0.905511811023622,False,True
65,Y,0.5833333333333334,0.905511811023622,False,True
66,D,0.23076923076923078,0.8976377952755905,False,True
67,L,0.2857142857142857,0.889763779527559,False,True
68,D,0.5714285714285714,0.889763779527559,False,True
69,R,0.21428571428571427,0.889763779527559,False,True
70,F,0.2857142857142857,0.889763779527559,False,True
71,I,0.2857142857142857,0.889763779527559,False,True
72,E,0.26666666666666666,0.8818897637795275,False,True
73,G,0.2,0.8818897637795275,False,True
74,G,0.4375,0.8740157480314961,False,True
75,A,0.29411764705882354,0.8661417322834646,False,True
76,S,0.2631578947368421,0.8503937007874016,False,True
77,D,0.19047619047619047,0.8346456692913385,False,True
78,D,0.20833333333333334,0.8110236220472441,False,True
79,M,0.28125,0.7480314960629921,False,True
80,M,0.30952380952380953,0.6692913385826772,False,True
81,K,0.2826086956521739,0.6377952755905512,False,True
82,K,0.20833333333333334,0.6220472440944882,False,True
83,K,0.19230769230769232,0.5905511811023622,False,True
84,L,0.22641509433962265,0.5826771653543307,False,True
85,F,0.16981132075471697,0.5826771653543307,False,True
86,A,0.14814814814814814,0.5748031496062992,False,True
87,L,0.2777777777777778,0.5748031496062992,False,True
88,L,0.2545454545454545,0.5669291338582677,False,True
89,L,0.3392857142857143,0.5590551181102362,False,True
90,L,0.30357142857142855,0.5590551181102362,False,True
91,L,0.21428571428571427,0.5590551181102362,False,True
92,A,0.19642857142857142,0.5590551181102362,False,True
93,L,0.3103448275862069,0.5433070866141733,False,True
94,L,0.1694915254237288,0.5354330708661418,False,True
95,L,0.3333333333333333,0.5275590551181102,False,True
96,L,0.11666666666666667,0.5275590551181102,False,True
97,L,0.16666666666666666,0.5275590551181102,False,True
98,P,0.19672131147540983,0.5196850393700787,False,True
99,S,0.12903225806451613,0.5118110236220472,False,True
100,P,0.1746031746031746,0.5039370078740157,False,True
101,A,0.38461538461538464,0.4881889763779528,False,False
102,L,0.16923076923076924,0.4881889763779528,False,False
103,M,0.5433070866141733,0.0,False,False
104,C,0.9921259842519685,0.0,True,False
105,T,0.8346456692913385,0.0,False,False
106,A,0.5196850393700787,0.0,False,False
107,A,0.3858267716535433,0.0,False,False
108,T,0.5196850393700787,0.0,False,False
109,Y,0.49606299212598426,0.0,False,False
110,K,0.3858267716535433,0.0,False,False
111,V,1.0,0.9921259842519685,True,True
112,S,1.0,0.9921259842519685,True,True
113,G,1.0,0.9921259842519685,True,True
114,T,0.5,0.023622047244094488,False,False
115,K,0.44,0.015748031496062992,False,False
116,D,0.664,0.015748031496062992,False,False
117,G,0.6438356164383562,0.4251968503937008,False,False
118,T,0.16666666666666666,0.4330708661417323,False,False
119,E,0.25,0.968503937007874,False,True
120,F,0.36,0.015748031496062992,False,False
121,Y,0.48031496062992124,0.0,False,False
122,F,0.44881889763779526,0.0,False,False
123,G,0.7480314960629921,0.0,False,False
124,R,0.9763779527559056,0.0,True,False
125,T,0.6850393700787402,0.0,False,False
126,L,0.48031496062992124,0.0,False,False
127,D,0.7952755905511811,0.0,False,False
128,Y,0.4251968503937008,0.0,False,False
129,E,0.45161290322580644,0.023622047244094488,False,False
130,G,0.41379310344827586,0.7716535433070866,False,True
131,F,0.3779527559055118,0.0,False,False
132,S,0.4645669291338583,0.0,False,False
133,Y,0.4566929133858268,0.0,False,False
134,G,0.4645669291338583,0.0,False,False
135,E,0.29133858267716534,0.0,False,False
136,E,0.31496062992125984,0.0,False,False
137,V,0.33858267716535434,0.0,False,False
138,V,0.30158730158730157,0.007874015748031496,False,False
139,I,0.392,0.015748031496062992,False,False
140,T,0.408,0.015748031496062992,False,False
141,P,0.96,0.015748031496062992,True,False
142,I,0.5,0.984251968503937,False,True
143,R,0.8174603174603174,0.007874015748031496,False,False
144,N,0.40476190476190477,0.007874015748031496,False,False
145,G,0.8181818181818182,0.9133858267716536,False,True
146,Y,0.8181818181818182,0.9133858267716536,False,True
147,R,0.6666666666666666,0.9291338582677166,False,True
148,S,0.6666666666666666,0.9291338582677166,False,True
149,I,0.5,0.9212598425196851,False,True
150,Y,0.5555555555555556,0.007874015748031496,False,False
151,P,0.2755905511811024,0.0,False,False
152,F,0.31496062992125984,0.0,False,False
153,N,0.11811023622047244,0.0,False,False
154,F,0.4015748031496063,0.0,False,False
155,R,0.3700787401574803,0.0,False,False
156,H,0.29365079365079366,0.007874015748031496,False,False
157,P,0.18253968253968253,0.007874015748031496,False,False
158,G,0.38095238095238093,0.007874015748031496,False,False
159,G,0.18253968253968253,0.007874015748031496,False,False
160,L,0.1984126984126984,0.007874015748031496,False,False
161,N,0.2857142857142857,0.9448818897637795,False,True
162,V,0.42857142857142855,0.9448818897637795,False,True
163,N,0.3,0.9212598425196851,False,True
164,E,0.2608695652173913,0.8188976377952756,False,True
165,N,0.3076923076923077,0.6929133858267716,False,True
166,G,0.575,0.6850393700787402,False,True
167,M,0.2413793103448276,0.5433070866141733,False,True
168,K,0.21666666666666667,0.5275590551181102,False,True
169,W,0.40298507462686567,0.47244094488188976,False,False
170,T,0.2777777777777778,0.007874015748031496,False,False
171,S,0.30708661417322836,0.0,False,False
172,H,0.3937007874015748,0.0,False,False
173,Y,0.8267716535433071,0.0,False,False
174,A,0.5118110236220472,0.0,False,False
175,L,0.5,0.968503937007874,False,True
176,D,0.4,0.9606299212598425,False,True
177,S,0.782608695652174,0.8188976377952756,False,True
178,I,0.28346456692913385,0.0,False,False
179,I,0.5905511811023622,0.0,False,False
180,G,0.7401574803149606,0.0,False,False
181,M,0.4094488188976378,0.0,False,False
182,A,0.6456692913385826,0.0,False,False
183,H,0.25984251968503935,0.0,False,False
184,V,0.4251968503937008,0.0,False,False
185,A,0.288,0.015748031496062992,False,False
186,G,0.192,0.015748031496062992,False,False
187,G,0.3333333333333333,0.9763779527559056,False,True
188,K,0.3333333333333333,0.9763779527559056,False,True
189,Y,0.3333333333333333,0.9763779527559056,False,True
190,G,0.25,0.968503937007874,False,True
191,D,0.32978723404255317,0.25984251968503935,False,False
192,Y,0.5851063829787234,0.25984251968503935,False,False
193,A,0.14285714285714285,0.9448818897637795,False,True
194,P,0.8488372093023255,0.3228346456692913,False,False
195,L,0.7906976744186046,0.3228346456692913,False,False
196,V,0.25,0.968503937007874,False,True
197,E,0.25,0.968503937007874,False,True
198,Y,0.4827586206896552,0.08661417322834646,False,False
199,Y,0.49137931034482757,0.08661417322834646,False,False
200,D,0.7401574803149606,0.0,False,False
201,G,0.5590551181102362,0.0,False,False
202,V,0.2677165354330709,0.0,False,False
203,N,1.0,0.0,True,False
204,E,0.9606299212598425,0.0,True,False
205,K,0.6614173228346457,0.0,False,False
206,G,1.0,0.0,True,False
207,L,0.8503937007874016,0.0,False,False
208,G,0.29133858267716534,0.0,False,False
209,M,0.3858267716535433,0.0,False,False
210,A,0.5669291338582677,0.0,False,False
211,G,0.4881889763779528,0.0,False,False
212,L,0.8031496062992126,0.0,False,False
213,N,0.472,0.015748031496062992,False,False
214,F,0.6692913385826772,0.0,False,False
215,V,0.3888888888888889,0.007874015748031496,False,False
216,G,0.5634920634920635,0.007874015748031496,False,False
217,N,0.48148148148148145,0.14960629921259844,False,False
218,A,0.5714285714285714,0.007874015748031496,False,False
219,V,0.19047619047619047,0.007874015748031496,False,False
220,Y,0.7874015748031497,0.0,False,False
221,Q,0.2125984251968504,0.0,False,False
222,E,0.2125984251968504,0.0,False,False
223,V,0.5,0.984251968503937,False,True
224,E,0.2727272727272727,0.9133858267716536,False,True
225,P,0.2647058823529412,0.1968503937007874,False,False
226,A,0.6666666666666666,0.9763779527559056,False,True
227,D,0.5806451612903226,0.7559055118110236,False,True
228,P,0.23684210526315788,0.7007874015748031,False,True
229,A,0.5,0.937007874015748,False,True
230,A,0.1440677966101695,0.07086614173228346,False,False
231,E,0.1968503937007874,0.0,False,False
232,G,0.38095238095238093,0.007874015748031496,False,False
233,A,0.5,0.984251968503937,False,True
234,L,0.5,0.984251968503937,False,True
235,N,0.5,0.984251968503937,False,True
236,G,0.5,0.984251968503937,False,True
237,E,0.5,0.984251968503937,False,True
238,S,0.5,0.984251968503937,False,True
239,N,0.5,0.984251968503937,False,True
240,C,1.0,0.9921259842519685,True,True
241,G,1.0,0.9921259842519685,True,True
242,I,1.0,0.9921259842519685,True,True
243,A,1.0,0.9921259842519685,True,True
244,K,0.416,0.015748031496062992,False,False
245,P,0.1968503937007874,0.0,False,False
246,N,0.47244094488188976,0.0,False,False
247,I,0.4015748031496063,0.0,False,False
248,A,0.5,0.984251968503937,False,True
249,A,0.5511811023622047,0.0,False,False
250,Q,0.2992125984251969,0.0,False,False
251,F,0.4015748031496063,0.0,False,False
252,E,0.5275590551181102,0.0,False,False
253,F,0.4251968503937008,0.0,False,False
254,I,0.49606299212598426,0.0,False,False
255,P,0.4409448818897638,0.0,False,False
256,W,0.6141732283464567,0.0,False,False
257,I,0.4645669291338583,0.0,False,False
258,L,0.9448818897637795,0.0,False,False
259,G,0.3543307086614173,0.0,False,False
260,Q,0.3858267716535433,0.0,False,False
261,C,0.5511811023622047,0.0,False,False
262,A,0.6141732283464567,0.0,False,False
263,T,0.5433070866141733,0.0,False,False
264,V,0.7637795275590551,0.0,False,False
265,D,0.31496062992125984,0.0,False,False
266,E,0.84251968503937,0.0,False,False
267,A,0.5590551181102362,0.0,False,False
268,K,0.2992125984251969,0.0,False,False
269,E,0.36220472440944884,0.0,False,False
270,L,0.33070866141732286,0.0,False,False
271,L,0.6929133858267716,0.0,False,False
272,E,0.2047244094488189,0.0,False,False
273,K,0.25196850393700787,0.0,False,False
274,E,0.3157894736842105,0.8503937007874016,False,True
275,K,0.19047619047619047,0.8346456692913385,False,True
276,I,0.25984251968503935,0.0,False,False
277,N,0.3858267716535433,0.0,False,False
278,L,0.3858267716535433,0.0,False,False
279,V,0.49606299212598426,0.0,False,False
280,G,0.23809523809523808,0.007874015748031496,False,False
281,T,0.3412698412698413,0.007874015748031496,False,False
282,P,0.35714285714285715,0.007874015748031496,False,False
283,F,0.44,0.015748031496062992,False,False
284,N,1.0,0.9921259842519685,True,True
285,E,1.0,0.9921259842519685,True,True
286,L,1.0,0.9921259842519685,True,True
287,A,1.0,0.9921259842519685,True,True
288,S,1.0,0.9921259842519685,True,True
289,S,1.0,0.9921259842519685,True,True
290,S,1.0,0.9921259842519685,True,True
291,S,1.0,0.9921259842519685,True,True
292,T,1.0,0.9921259842519685,True,True
293,L,1.0,0.9921259842519685,True,True
294,I,0.5,0.984251968503937,False,True
295,P,0.2857142857142857,0.889763779527559,False,True
296,S,0.34375,0.2440944881889764,False,False
297,E,0.3402061855670103,0.23622047244094488,False,False
298,Q,0.34408602150537637,0.2677165354330709,False,False
299,L,0.39325842696629215,0.2992125984251969,False,False
300,G,0.5,0.968503937007874,False,True
301,P,0.5462962962962963,0.14960629921259844,False,False
302,A,0.2457627118644068,0.07086614173228346,False,False
303,A,0.4596774193548387,0.023622047244094488,False,False
304,L,1.0,0.9921259842519685,True,True
305,S,1.0,0.9921259842519685,True,True
306,L,1.0,0.9921259842519685,True,True
307,Q,1.0,0.9921259842519685,True,True
308,D,1.0,0.9921259842519685,True,True
309,G,1.0,0.9921259842519685,True,True
310,H,1.0,0.9921259842519685,True,True
311,G,1.0,0.9921259842519685,True,True
312,G,1.0,0.9921259842519685,True,True
313,T,1.0,0.9921259842519685,True,True
314,I,1.0,0.9921259842519685,True,True
315,G,1.0,0.9921259842519685,True,True
316,D,1.0,0.9921259842519685,True,True
317,A,1.0,0.9921259842519685,True,True
318,N,1.0,0.9921259842519685,True,True
319,F,1.0,0.9921259842519685,True,True
320,T,0.2644628099173554,0.047244094488188976,False,False
321,L,0.664,0.015748031496062992,False,False
322,H,1.0,0.015748031496062992,True,False
323,W,0.6614173228346457,0.0,False,False
324,I,0.30708661417322836,0.0,False,False
325,I,0.6850393700787402,0.0,False,False
326,A,0.48031496062992124,0.0,False,False
327,D,0.9606299212598425,0.0,True,False
328,A,0.2677165354330709,0.0,False,False
329,S,0.25196850393700787,0.0,False,False
330,G,0.6141732283464567,0.0,False,False
331,D,0.29850746268656714,0.47244094488188976,False,False
332,S,0.33858267716535434,0.0,False,False
333,I,0.5354330708661418,0.0,False,False
334,V,0.5669291338582677,0.0,False,False
335,V,0.5118110236220472,0.0,False,False
336,E,0.9763779527559056,0.0,True,False
337,S,0.2204724409448819,0.0,False,False
338,V,0.2755905511811024,0.0,False,False
339,D,0.2125984251968504,0.0,False,False
340,V,0.3333333333333333,0.9763779527559056,False,True
341,D,0.41935483870967744,0.023622047244094488,False,False
342,K,0.25,0.968503937007874,False,True
343,G,0.532258064516129,0.023622047244094488,False,False
344,L,0.5645161290322581,0.023622047244094488,False,False
345,H,0.3790322580645161,0.023622047244094488,False,False
346,I,0.4112903225806452,0.023622047244094488,False,False
347,Y,0.6048387096774194,0.023622047244094488,False,False
348,P,0.3333333333333333,0.952755905511811,False,True
349,L,0.3333333333333333,0.952755905511811,False,True
350,D,0.47244094488188976,0.0,False,False
351,N,0.6456692913385826,0.0,False,False
352,P,0.5275590551181102,0.0,False,False
353,T,1.0,0.9921259842519685,True,True
354,D,1.0,0.9921259842519685,True,True
355,D,1.0,0.9921259842519685,True,True
356,E,1.0,0.9921259842519685,True,True
357,K,0.5,0.984251968503937,False,True
358,G,0.5,0.984251968503937,False,True
359,D,0.5,0.984251968503937,False,True
360,D,0.5,0.984251968503937,False,True
361,D,0.21052631578947367,0.8503937007874016,False,True
362,V,0.423728813559322,0.07086614173228346,False,False
363,G,0.7,0.05511811023622047,False,False
364,V,0.8677685950413223,0.047244094488188976,False,False
365,L,0.6859504132231405,0.047244094488188976,False,False
366,T,0.9421487603305785,0.047244094488188976,False,False
367,N,0.9672131147540983,0.03937007874015748,True,False
368,N,0.453781512605042,0.06299212598425197,False,False
369,P,0.9830508474576272,0.07086614173228346,True,False
370,P,0.42857142857142855,0.06299212598425197,False,False
371,F,0.7058823529411765,0.06299212598425197,False,False
372,D,0.36666666666666664,0.05511811023622047,False,False
373,W,0.30327868852459017,0.03937007874015748,False,False
374,Q,0.7131147540983607,0.03937007874015748,False,False
375,M,0.4098360655737705,0.03937007874015748,False,False
376,F,0.4523809523809524,0.007874015748031496,False,False
377,N,0.408,0.015748031496062992,False,False
378,L,0.808,0.015748031496062992,False,False
379,N,0.584,0.015748031496062992,False,False
380,N,0.624,0.015748031496062992,False,False
381,E,1.0,0.9921259842519685,True,True
382,K,1.0,0.9921259842519685,True,True
383,Y,0.8305084745762712,0.07086614173228346,False,False
384,M,0.3474576271186441,0.07086614173228346,False,False
385,N,0.2966101694915254,0.07086614173228346,False,False
386,L,0.711864406779661,0.07086614173228346,False,False
387,N,1.0,0.9921259842519685,True,True
388,L,1.0,0.9921259842519685,True,True
389,L,1.0,0.9921259842519685,True,True
390,T,1.0,0.9921259842519685,True,True
391,E,1.0,0.9921259842519685,True,True
392,S,1.0,0.9921259842519685,True,True
393,E,1.0,0.9921259842519685,True,True
394,N,1.0,0.9921259842519685,True,True
395,T,1.0,0.9921259842519685,True,True
396,S,1.0,0.9921259842519685,True,True
397,V,1.0,0.9921259842519685,True,True
398,S,1.0,0.9921259842519685,True,True
399,K,1.0,0.9921259842519685,True,True
400,N,1.0,0.9921259842519685,True,True
401,E,1.0,0.9921259842519685,True,True
402,D,1.0,0.9921259842519685,True,True
403,S,0.625,0.2440944881889764,False,False
404,P,0.5833333333333334,0.2440944881889764,False,False
405,K,0.375,0.2440944881889764,False,False
406,Q,0.4583333333333333,0.2440944881889764,False,False
407,P,0.6041666666666666,0.2440944881889764,False,False
408,E,0.4536082474226804,0.23622047244094488,False,False
409,N,0.5463917525773195,0.23622047244094488,False,False
410,H,0.18556701030927836,0.23622047244094488,False,False
411,F,0.5360824742268041,0.23622047244094488,False,False
412,S,0.31958762886597936,0.23622047244094488,False,False
413,Y,1.0,0.9921259842519685,True,True
414,N,1.0,0.9921259842519685,True,True
415,E,1.0,0.9921259842519685,True,True
416,S,0.5,0.984251968503937,False,True
417,D,1.0,0.984251968503937,True,True
418,V,1.0,0.984251968503937,True,True
419,I,0.5,0.984251968503937,False,True
420,N,1.0,0.9921259842519685,True,True
421,T,1.0,0.9921259842519685,True,True
422,E,0.5,0.984251968503937,False,True
423,K,0.5,0.984251968503937,False,True
424,H,1.0,0.984251968503937,True,True
425,G,0.2872340425531915,0.25984251968503935,False,False
426,K,0.17894736842105263,0.25196850393700787,False,False
427,L,0.5,0.2283464566929134,False,False
428,P,0.1836734693877551,0.2283464566929134,False,False
429,L,0.7722772277227723,0.2047244094488189,False,False
430,S,0.17757009345794392,0.15748031496062992,False,False
431,T,0.22429906542056074,0.15748031496062992,False,False
432,Y,0.5327102803738317,0.15748031496062992,False,False
433,S,0.4634146341463415,0.031496062992125984,False,False
434,F,1.0,0.9921259842519685,True,True
435,R,0.5510204081632653,0.2283464566929134,False,False
436,G,0.9553571428571429,0.11811023622047244,True,False
437,M,0.4732142857142857,0.11811023622047244,False,False
438,L,0.5,0.984251968503937,False,True
439,E,0.5,0.984251968503937,False,True
440,G,0.9489795918367347,0.2283464566929134,False,False
441,A,0.4489795918367347,0.2283464566929134,False,False
442,N,0.5,0.984251968503937,False,True
443,I,0.5,0.984251968503937,False,True
444,L,0.4369747899159664,0.06299212598425197,False,False
445,G,0.7815126050420168,0.06299212598425197,False,False
446,L,0.7647058823529411,0.06299212598425197,False,False
447,P,0.8976377952755905,0.0,False,False
448,G,0.9606299212598425,0.0,True,False
449,D,0.773109243697479,0.06299212598425197,False,False
450,L,0.4369747899159664,0.06299212598425197,False,False
451,S,0.5196850393700787,0.0,False,False
452,S,0.5511811023622047,0.0,False,False
453,P,0.31496062992125984,0.0,False,False
454,S,0.6929133858267716,0.0,False,False
455,R,0.992,0.015748031496062992,True,False
456,F,0.9047619047619048,0.007874015748031496,False,False
457,V,0.6111111111111112,0.007874015748031496,False,False
458,R,0.7661290322580645,0.023622047244094488,False,False
459,A,0.4959349593495935,0.031496062992125984,False,False
460,A,0.6747967479674797,0.031496062992125984,False,False
461,F,0.6885245901639344,0.03937007874015748,False,False
462,M,0.3333333333333333,0.9763779527559056,False,True
463,C,0.3333333333333333,0.9763779527559056,False,True
464,T,0.3305084745762712,0.07086614173228346,False,False
465,K,0.425,0.05511811023622047,False,False
466,M,0.19166666666666668,0.05511811023622047,False,False
467,A,0.5,0.984251968503937,False,True
468,Q,0.5,0.984251968503937,False,True
469,Q,0.5,0.984251968503937,False,True
470,F,0.5,0.984251968503937,False,True
471,D,0.5,0.984251968503937,False,True
472,L,1.0,0.9921259842519685,True,True
473,A,1.0,0.9921259842519685,True,True
474,A,1.0,0.9921259842519685,True,True
475,E,1.0,0.9921259842519685,True,True
476,K,1.0,0.9921259842519685,True,True
477,K,1.0,0.9921259842519685,True,True
478,L,1.0,0.9921259842519685,True,True
479,A,1.0,0.9921259842519685,True,True
480,L,1.0,0.9921259842519685,True,True
481,K,1.0,0.9921259842519685,True,True
482,A,1.0,0.9921259842519685,True,True
483,S,1.0,0.9921259842519685,True,True
484,G,1.0,0.9921259842519685,True,True
485,I,1.0,0.9921259842519685,True,True
486,N,0.4,0.015748031496062992,False,False
487,A,0.33070866141732286,0.0,False,False
488,P,0.31496062992125984,0.0,False,False
489,S,0.41732283464566927,0.0,False,False
490,G,0.3543307086614173,0.0,False,False
491,D,0.2283464566929134,0.0,False,False
492,S,0.3333333333333333,0.007874015748031496,False,False
493,E,0.5433070866141733,0.0,False,False
494,E,0.15873015873015872,0.007874015748031496,False,False
495,E,0.5,0.007874015748031496,False,False
496,S,0.4126984126984127,0.007874015748031496,False,False
497,V,0.6929133858267716,0.0,False,False
498,S,0.3937007874015748,0.0,False,False
499,Q,0.5826771653543307,0.0,False,False
500,F,0.3937007874015748,0.0,False,False
501,F,0.7795275590551181,0.0,False,False
502,H,0.6141732283464567,0.0,False,False
503,I,0.7007874015748031,0.0,False,False
504,L,0.7559055118110236,0.0,False,False
505,G,0.3858267716535433,0.0,False,False
506,S,0.504,0.015748031496062992,False,False
507,V,0.6692913385826772,0.0,False,False
508,D,0.4330708661417323,0.0,False,False
509,Q,0.4566929133858268,0.0,False,False
510,P,0.47244094488188976,0.0,False,False
511,R,0.3543307086614173,0.0,False,False
512,I,1.0,0.9921259842519685,True,True
513,K,1.0,0.9921259842519685,True,True
514,G,1.0,0.9921259842519685,True,True
515,Y,1.0,0.9921259842519685,True,True
516,R,1.0,0.9921259842519685,True,True
517,N,1.0,0.9921259842519685,True,True
518,E,1.0,0.9921259842519685,True,True
519,G,0.9649122807017544,0.10236220472440945,True,False
520,C,0.42105263157894735,0.10236220472440945,False,False
521,C,0.45614035087719296,0.10236220472440945,False,False
522,E,0.38461538461538464,0.07874015748031496,False,False
523,V,0.39316239316239315,0.07874015748031496,False,False
524,A,0.211864406779661,0.07086614173228346,False,False
525,E,0.32038834951456313,0.1889763779527559,False,False
526,P,0.2,0.8818897637795275,False,True
527,G,0.688,0.015748031496062992,False,False
528,K,0.496,0.015748031496062992,False,False
529,I,0.5,0.984251968503937,False,True
530,T,1.0,0.984251968503937,True,True
531,P,0.5,0.984251968503937,False,True
532,Y,0.5,0.968503937007874,False,True
533,D,0.4,0.9606299212598425,False,True
534,V,0.3333333333333333,0.8818897637795275,False,True
535,P,0.47619047619047616,0.8346456692913385,False,True
536,A,0.2608695652173913,0.8188976377952756,False,True
537,D,0.5806451612903226,0.7559055118110236,False,True
538,I,0.5161290322580645,0.7559055118110236,False,True
539,Y,0.48739495798319327,0.06299212598425197,False,False
540,E,0.4796747967479675,0.031496062992125984,False,False
541,I,0.36585365853658536,0.031496062992125984,False,False
542,T,0.984251968503937,0.0,True,False
543,Q,0.33858267716535434,0.0,False,False
544,Y,0.5511811023622047,0.0,False,False
545,T,0.6535433070866141,0.0,False,False
546,S,0.6220472440944882,0.0,False,False
547,C,0.4645669291338583,0.0,False,False
548,C,0.3779527559055118,0.0,False,False
549,N,0.4645669291338583,0.0,False,False
550,A,0.30708661417322836,0.0,False,False
551,T,0.2440944881889764,0.0,False,False
552,K,0.33070866141732286,0.0,False,False
553,G,0.5039370078740157,0.0,False,False
554,I,0.47244094488188976,0.0,False,False
555,I,0.5,0.984251968503937,False,True
556,T,0.5,0.984251968503937,False,True
557,N,0.5,0.984251968503937,False,True
558,V,1.0,0.9921259842519685,True,True
559,S,1.0,0.9921259842519685,True,True
560,D,1.0,0.9921259842519685,True,True
561,D,1.0,0.9921259842519685,True,True
562,P,1.0,0.9921259842519685,True,True
563,S,1.0,0.9921259842519685,True,True
564,A,1.0,0.9921259842519685,True,True
565,T,1.0,0.9921259842519685,True,True
566,Y,0.6614173228346457,0.0,False,False
567,Y,0.8346456692913385,0.0,False,False
568,Y,0.6299212598425197,0.0,False,False
569,T,0.3858267716535433,0.0,False,False
570,T,0.7165354330708661,0.0,False,False
571,Y,0.5984251968503937,0.0,False,False
572,D,0.2440944881889764,0.0,False,False
573,N,0.6614173228346457,0.0,False,False
574,H,0.2755905511811024,0.0,False,False
575,N,0.5,0.984251968503937,False,True
576,Q,0.46956521739130436,0.09448818897637795,False,False
577,I,0.7413793103448276,0.08661417322834646,False,False
578,T,0.25862068965517243,0.08661417322834646,False,False
579,A,0.43103448275862066,0.08661417322834646,False,False
580,V,0.6293103448275862,0.08661417322834646,False,False
581,D,0.7068965517241379,0.08661417322834646,False,False
582,M,0.49137931034482757,0.08661417322834646,False,False
583,H,0.3706896551724138,0.08661417322834646,False,False
584,K,0.3017241379310345,0.08661417322834646,False,False
585,E,0.391304347826087,0.09448818897637795,False,False
586,D,0.5486725663716814,0.11023622047244094,False,False
587,L,0.5304347826086957,0.09448818897637795,False,False
588,D,0.4396551724137931,0.08661417322834646,False,False
589,G,0.27586206896551724,0.08661417322834646,False,False
590,T,0.5,0.984251968503937,False,True
591,K,1.0,0.984251968503937,True,True
592,S,0.5,0.984251968503937,False,True
593,F,1.0,0.984251968503937,True,True
594,D,0.14285714285714285,0.007874015748031496,False,False
595,K,0.20634920634920634,0.007874015748031496,False,False
596,P,0.4375,0.7480314960629921,False,True
597,L,0.432,0.015748031496062992,False,False
598,I,0.2,0.015748031496062992,False,False
599,R,0.2,0.015748031496062992,False,False
600,Y,0.472,0.015748031496062992,False,False
601,P,0.5241935483870968,0.023622047244094488,False,False
602,L,0.504,0.015748031496062992,False,False
603,D,0.25,0.023622047244094488,False,False
604,T,0.1774193548387097,0.023622047244094488,False,False
605,G,0.24786324786324787,0.07874015748031496,False,False
606,E,0.288135593220339,0.07086614173228346,False,False
607,Q,0.2702702702702703,0.12598425196850394,False,False
608,S,0.6666666666666666,0.9763779527559056,False,True
609,G,0.6666666666666666,0.9763779527559056,False,True
610,I,0.3333333333333333,0.9763779527559056,False,True
611,V,0.6666666666666666,0.9763779527559056,False,True
612,N,0.25,0.968503937007874,False,True
613,Q,0.7916666666666666,0.8110236220472441,False,True
614,P,0.5833333333333334,0.8110236220472441,False,True
615,I,0.5309734513274337,0.11023622047244094,False,False
616,E,0.14782608695652175,0.09448818897637795,False,False
617,W,0.16666666666666666,0.10236220472440945,False,False
618,Q,0.38392857142857145,0.11811023622047244,False,False
619,N,0.5412844036697247,0.14173228346456693,False,False
620,I,0.18032786885245902,0.5196850393700787,False,True
621,K,0.17307692307692307,0.5905511811023622,False,True
622,K,0.24242424242424243,0.7401574803149606,False,True
623,F,0.43333333333333335,0.7637795275590551,False,True
624,K,0.25,0.8110236220472441,False,True
625,P,0.21739130434782608,0.8188976377952756,False,True
626,A,0.4090909090909091,0.8267716535433071,False,True
627,E,0.22727272727272727,0.8267716535433071,False,True
628,N,0.2857142857142857,0.9448818897637795,False,True
629,P,0.631578947368421,0.8503937007874016,False,True
630,F,0.8235294117647058,0.8661417322834646,False,True
631,K,0.23529411764705882,0.8661417322834646,False,True
632,F,0.7647058823529411,0.8661417322834646,False,True
633,L,0.5882352941176471,0.8661417322834646,False,True
634,G,0.4117647058823529,0.8661417322834646,False,True
635,I,0.1875,0.8740157480314961,False,True
636,K,0.23076923076923078,0.8976377952755905,False,True
637,P,0.375,0.937007874015748,False,True
638,L,0.5,0.937007874015748,False,True
639,P,0.3333333333333333,0.952755905511811,False,True
640,D,0.3333333333333333,0.9763779527559056,False,True
641,H,0.3333333333333333,0.9763779527559056,False,True
642,I,0.3333333333333333,0.9763779527559056,False,True
643,L,0.6666666666666666,0.9763779527559056,False,True
644,D,0.3333333333333333,0.9763779527559056,False,True
645,R,0.3333333333333333,0.9763779527559056,False,True
646,F,0.3333333333333333,0.9763779527559056,False,True
647,S,0.3333333333333333,0.9763779527559056,False,True
648,G,0.5,0.984251968503937,False,True
649,Y,0.5,0.984251968503937,False,True
650,P,0.5,0.984251968503937,False,True
651,E,0.5,0.984251968503937,False,True
652,T,0.5,0.984251968503937,False,True
653,T,0.5,0.984251968503937,False,True
654,F,0.5,0.984251968503937,False,True
655,C,0.5,0.984251968503937,False,True
656,N,0.5,0.984251968503937,False,True
657,E,0.5,0.984251968503937,False,True
658,D,1.0,0.9921259842519685,True,True
659,T,1.0,0.9921259842519685,True,True
660,V,1.0,0.9921259842519685,True,True
661,Y,1.0,0.9921259842519685,True,True
662,T,1.0,0.9921259842519685,True,True
663,Q,1.0,0.9921259842519685,True,True
664,N,1.0,0.9921259842519685,True,True
665,Q,1.0,0.9921259842519685,True,True
666,V,1.0,0.9921259842519685,True,True
667,D,1.0,0.9921259842519685,True,True
668,L,1.0,0.9921259842519685,True,True
669,V,1.0,0.9921259842519685,True,True
670,V,1.0,0.9921259842519685,True,True
671,K,1.0,0.9921259842519685,True,True
672,F,1.0,0.9921259842519685,True,True
673,V,1.0,0.9921259842519685,True,True
674,T,1.0,0.9921259842519685,True,True
675,N,1.0,0.9921259842519685,True,True
676,K,1.0,0.9921259842519685,True,True
677,P,1.0,0.9921259842519685,True,True
678,S,1.0,0.9921259842519685,True,True
679,G,1.0,0.9921259842519685,True,True
680,I,1.0,0.9921259842519685,True,True
681,V,1.0,0.9921259842519685,True,True
682,S,1.0,0.9921259842519685,True,True
683,Y,1.0,0.9921259842519685,True,True
684,I,1.0,0.9921259842519685,True,True
685,F,1.0,0.9921259842519685,True,True
686,K,1.0,0.9921259842519685,True,True
687,P,1.0,0.9921259842519685,True,True
688,D,1.0,0.9921259842519685,True,True
689,Q,1.0,0.9921259842519685,True,True
690,Q,1.0,0.9921259842519685,True,True
691,P,1.0,0.9921259842519685,True,True
692,N,1.0,0.9921259842519685,True,True
693,Q,1.0,0.9921259842519685,True,True
694,A,1.0,0.9921259842519685,True,True
695,G,1.0,0.9921259842519685,True,True
696,L,1.0,0.9921259842519685,True,True
697,G,1.0,0.9921259842519685,True,True
698,V,1.0,0.9921259842519685,True,True
699,K,1.0,0.9921259842519685,True,True
700,S,1.0,0.9921259842519685,True,True
701,G,1.0,0.9921259842519685,True,True
702,Q,1.0,0.9921259842519685,True,True
703,F,1.0,0.9921259842519685,True,True
704,I,1.0,0.9921259842519685,True,True
705,V,1.0,0.9921259842519685,True,True
706,E,1.0,0.9921259842519685,True,True
707,K,1.0,0.9921259842519685,True,True
708,K,1.0,0.9921259842519685,True,True
709,E,1.0,0.9921259842519685,True,True
710,T,1.0,0.9921259842519685,True,True
711,I,1.0,0.9921259842519685,True,True
712,R,1.0,0.9921259842519685,True,True
713,V,1.0,0.9921259842519685,True,True
714,I,1.0,0.9921259842519685,True,True
715,Y,1.0,0.9921259842519685,True,True
716,N,1.0,0.9921259842519685,True,True
717,M,1.0,0.9921259842519685,True,True
718,P,1.0,0.9921259842519685,True,True
719,K,1.0,0.9921259842519685,True,True
720,A,1.0,0.9921259842519685,True,True
721,Q,1.0,0.9921259842519685,True,True
722,L,1.0,0.9921259842519685,True,True
723,A,1.0,0.9921259842519685,True,True
724,I,1.0,0.9921259842519685,True,True
725,A,1.0,0.9921259842519685,True,True
726,C,1.0,0.9921259842519685,True,True
727,F,1.0,0.9921259842519685,True,True
728,Q,1.0,0.9921259842519685,True,True
729,D,1.0,0.9921259842519685,True,True
730,T,1.0,0.9921259842519685,True,True
731,E,1.0,0.9921259842519685,True,True
732,F,1.0,0.9921259842519685,True,True
733,K,1.0,0.9921259842519685,True,True
734,G,1.0,0.9921259842519685,True,True
735,N,1.0,0.9921259842519685,True,True
736,L,1.0,0.9921259842519685,True,True
737,E,1.0,0.9921259842519685,True,True
738,A,1.0,0.9921259842519685,True,True
739,K,1.0,0.9921259842519685,True,True
740,I,1.0,0.9921259842519685,True,True
741,D,1.0,0.9921259842519685,True,True
742,A,1.0,0.9921259842519685,True,True
743,H,1.0,0.9921259842519685,True,True
744,S,1.0,0.9921259842519685,True,True
745,N,1.0,0.9921259842519685,True,True
746,G,1.0,0.9921259842519685,True,True
747,F,1.0,0.9921259842519685,True,True
748,S,1.0,0.9921259842519685,True,True
749,F,1.0,0.9921259842519685,True,True
750,L,1.0,0.9921259842519685,True,True
751,R,1.0,0.9921259842519685,True,True
752,T,1.0,0.9921259842519685,True,True
753,Q,1.0,0.9921259842519685,True,True
754,S,1.0,0.9921259842519685,True,True
755,L,1.0,0.9921259842519685,True,True
756,H,1.0,0.9921259842519685,True,True
757,S,1.0,0.9921259842519685,True,True
758,G,1.0,0.9921259842519685,True,True
759,N,1.0,0.9921259842519685,True,True
760,I,1.0,0.9921259842519685,True,True
761,P,1.0,0.9921259842519685,True,True
762,R,1.0,0.9921259842519685,True,True
763,Y,1.0,0.9921259842519685,True,True
764,V,1.0,0.9921259842519685,True,True
765,D,1.0,0.9921259842519685,True,True
766,A,1.0,0.9921259842519685,True,True
767,K,1.0,0.9921259842519685,True,True
768,I,1.0,0.9921259842519685,True,True
769,D,1.0,0.9921259842519685,True,True
770,L,1.0,0.9921259842519685,True,True
771,R,1.0,0.9921259842519685,True,True
772,T,1.0,0.9921259842519685,True,True
773,A,1.0,0.9921259842519685,True,True
774,A,1.0,0.9921259842519685,True,True
775,D,1.0,0.9921259842519685,True,True
776,I,1.0,0.9921259842519685,True,True
777,T,1.0,0.9921259842519685,True,True
778,V,1.0,0.9921259842519685,True,True
779,R,1.0,0.9921259842519685,True,True
780,I,1.0,0.9921259842519685,True,True
781,K,1.0,0.9921259842519685,True,True
