filename,Code,Replicate,3a7a12k_taurine_14542,Di_taurine_19595,Tri_taurine_20369,3a12k_taurine_22309,Tri_glycine_25947,Di_glycine_27361,Di_taurine_29331,Di_taurine_30261,Di_glycine_34166,Di_glycine_34738,Mono_taurine_35357,Mono_glycine_38634
Blank_post,NA,rep1,9005.202,0,0,7590.339,0,8752.188,9291.352,0,3513.11,0,9546.585,14234.046
Blank_post_rep2,NA,rep2,25702.271,0,263411.94,100371.64,0,1371.554,6348.236,0,1512.798,0,2877.775,12848.604
Blank_pre,NA,rep1,0,0,0,0,0,0,1090.142,0,0,0,1963.011,5103.283
Blank_pre_rep2,NA,rep2,18321.78,0,214397.6,71662.54,0,0,0,0,0,0,0,854.1681
Blank_pre_rep3,NA,rep3,26497.04,0,266311.44,105373.99,0,2243.508,6334.63,0,3344.893,0,2599.662,5432.716
P1_A1_cluster4_A0A0P0LK75,A0A0P0LK75,rep1,10099.85,0,0,13062.12,0,21884.13,16709.73,0,14740.67,0,17523.95,69184.51
P1_A1_cluster4_A0A0P0LK75_rep2,A0A0P0LK75,rep2,15509.95,0,0,34704.27,0,35918.45,42741.49,0,27573.41,0,85444.95,272767.75
P1_A1_cluster4_A0A0P0LK75_rep3,A0A0P0LK75,rep3,26424.67,0,0,43296.82,0,21158.22,49643.01,0,30249.32,0,87661.56,150462.16
P1_A10_cluster424_A0A1Q6E5Z9,A0A1Q6E5Z9,rep1,28629.63,0,0,32977.94,0,38504.64,43538.51,0,41746.45,0,60857.69,186933.42
P1_A10_cluster424_A0A1Q6E5Z9_rep2,A0A1Q6E5Z9,rep2,640.0875,0,0,460.5458,0,2353.0361,183.6601,0,1086.7224,0,251.174,7549.819
P1_A10_cluster424_A0A1Q6E5Z9_rep3,A0A1Q6E5Z9,rep3,3448.792,0,0,3551.276,0,5310.997,2483.832,0,6678.311,0,10090.37,14437.824
P1_A11_cluster526_A0A1C5X749,A0A1C5X749,rep1,19528.39,0,0,22515.37,0,15077.45,23701.28,0,18407.84,0,22184.48,75799.58
P1_A11_cluster526_A0A1C5X749_rep2,A0A1C5X749,rep2,2651.612,0,0,4239.911,0,8678.361,2295.666,0,9562.659,0,11722.581,45135.406
P1_A11_cluster526_A0A1C5X749_rep3,A0A1C5X749,rep3,18025.7,0,0,28603.09,0,10585.47,35625.54,0,30334.49,0,67855.8,85784.07
P1_A12_cluster582_A0A1Q6M5M7,A0A1Q6M5M7,rep1,17969.99,0,0,30439.06,0,27456.53,40111.94,0,30294.47,0,51082.56,131218.42
P1_A12_cluster582_A0A1Q6M5M7_rep2,A0A1Q6M5M7,rep2,7991.747,0,0,9742.822,0,19754.98,7029.196,0,6192.829,0,12032.132,26345.402
P1_A12_cluster582_A0A1Q6M5M7_rep3,A0A1Q6M5M7,rep3,0,0,0,0,0,784.33356,0,0,335.8491,0,138.41501,62.23212
P1_A2_cluster21_A0A0P0FKS2,A0A0P0FKS2,rep1,4700.669,0,0,6834.71,0,7446.148,5867.779,0,1700.003,0,5554.85,13873.796
P1_A2_cluster21_A0A0P0FKS2_rep2,A0A0P0FKS2,rep2,23562.31,0,0,26506.45,0,16646.44,16902.95,0,17994.12,0,20760.23,70748.56
P1_A2_cluster21_A0A0P0FKS2_rep3,A0A0P0FKS2,rep3,29111.38,0,0,20905.79,0,40876.53,31499.17,0,46755.77,0,12910.6,146201.23
P1_A3_cluster54_A0A069S9I0,A0A069S9I0,rep1,33302.28,0,0,34801.22,0,8332.981,47738.812,0,12885.118,0,47622.94,36374.43
P1_A3_cluster54_A0A069S9I0_rep2,A0A069S9I0,rep2,24827.81,0,0,42178.32,0,25199.61,48191.25,0,29068.61,0,122226.74,167433.81
P1_A3_cluster54_A0A069S9I0_rep3,A0A069S9I0,rep3,7703.886,0,0,11553.208,0,7886.511,16261.517,0,15791.403,0,22683.184,39031.938
P1_A4_cluster111_B5D243,B5D243,rep1,23729.83,0,0,28289.12,0,35020.61,36313.66,0,44612.98,0,46869.85,159124.16
P1_A4_cluster111_B5D243_rep2,B5D243,rep2,16704.967,0,0,18924.213,0,6872.713,18667.965,0,24956.262,0,30443.195,60167.453
P1_A4_cluster111_B5D243_rep3,B5D243,rep3,31320.6,0,0,41909.22,0,42822.85,48048.27,0,32441,0,39526.3,168411.36
P1_A5_cluster169_A0A174Z2R4,A0A174Z2R4,rep1,3933.439,0,0,4085.445,0,2853.525,4273.111,0,8376.517,0,6690.34,22144.191
P1_A5_cluster169_A0A174Z2R4_rep2,A0A174Z2R4,rep2,1086.037,0,0,1920.837,0,5918.798,0,0,5758.886,0,2433.42,13640.432
P1_A5_cluster169_A0A174Z2R4_rep3,A0A174Z2R4,rep3,2704651.2,0,0,2305835.5,0,78604.48,3594638.8,787.3174,189767.19,3053.7058,259159.42,27952.297
P1_A6_cluster218_A0A1C5L0B6,A0A1C5L0B6,rep1,50973350,6129.209,0,85131944,0,2332039.2,16322206,21963.947,5609622.5,1032144.6,24410612,4088982.5
P1_A6_cluster218_A0A1C5L0B6_rep2,A0A1C5L0B6,rep2,3403.355,0,0,7129.224,0,14129.528,10117.067,0,6751.54,0,25915.498,70410.29
P1_A6_cluster218_A0A1C5L0B6_rep3,A0A1C5L0B6,rep3,33155.53,0,0,50048.35,0,50463.29,64546.44,0,51886.27,0,66839.58,151809.16
P1_A7_cluster264_A0A2V1JL81,A0A2V1JL81,rep1,17746.02,0,0,12688.37,0,19241.41,24714.69,0,34218.11,0,20391.15,59201.32
P1_A7_cluster264_A0A2V1JL81_rep2,A0A2V1JL81,rep2,17298.96,0,0,28592.56,0,15409.23,36142.84,0,19091.18,0,75980.21,87520.74
P1_A7_cluster264_A0A2V1JL81_rep3,A0A2V1JL81,rep3,726.047,0,0,554.9687,0,876.0432,1869.4402,0,866.7874,0,98.37563,677.55914
P1_A8_cluster314_A0A1C5MV31,A0A1C5MV31,rep1,16971.871,0,0,18636.057,0,8453.326,18124.102,0,6060.797,0,16415.045,25640.992
P1_A8_cluster314_A0A1C5MV31_rep2,A0A1C5MV31,rep2,1992.152,0,0,1836.593,0,1707.309,1209.353,0,1513.242,0,2501.416,6904.723
P1_A8_cluster314_A0A1C5MV31_rep3,A0A1C5MV31,rep3,108103220,2850.17,0,104074010,0,4901578.5,65504630,22345.48,4276252.5,3156153.5,70477780,5143424.5
P1_A9_cluster388_A0A174YG41,A0A174YG41,rep1,27022.9,0,0,34573.51,0,26896.19,42450.85,0,30838.7,0,55940.31,161333.39
P1_A9_cluster388_A0A174YG41_rep2,A0A174YG41,rep2,3091.769,0,0,3120.866,0,4064.921,1134.17,0,2804.541,0,5468.535,16921.479
P1_A9_cluster388_A0A174YG41_rep3,A0A174YG41,rep3,26472.06,0,0,37105.12,0,16165.5,44710,0,17001.11,0,53134.14,69178.76
P1_B1_cluster5_A7A5K1,A7A5K1,rep1,29287.23,0,0,38875.75,0,41537.53,60173.61,0,44514.81,0,33216.43,133083.72
P1_B1_cluster5_A7A5K1_rep2,A7A5K1,rep2,2002.26,0,0,2879.686,0,10274.635,1288.305,0,4427.695,0,3304.17,15650.646
P1_B1_cluster5_A7A5K1_rep3,A7A5K1,rep3,4877.045,0,0,9975.237,0,11851.082,13704.791,0,13126.702,0,4229.224,13925.336
P1_B10_cluster427_A0A316R4M9,A0A316R4M9,rep1,19787.82,0,0,29491.84,0,13587.38,52024.97,0,20716.09,0,45246.05,67929.88
P1_B10_cluster427_A0A316R4M9_rep2,A0A316R4M9,rep2,94674360,5477.138,0,104715500,642213.7,4749682,29473290,34899.31,14031230,2194817,76768880,20540440
P1_B10_cluster427_A0A316R4M9_rep3,A0A316R4M9,rep3,107714930,0,0,106607220,66603.54,3916766.8,38978636,10450.36,7789654.5,2065102.6,58485212,7293985.5
P1_B11_cluster537_B7AVX6,B7AVX6,rep1,1557312.1,35618.1,0,115905930,1917519.5,6066391,22894606,0,21109280,1860390.4,62591424,17345870
P1_B11_cluster537_B7AVX6_rep2,B7AVX6,rep2,98271090,7005.41,0,114526920,1072051.5,8365462.5,25150680,0,21759658,1503721,54097636,16999654
P1_B11_cluster537_B7AVX6_rep3,B7AVX6,rep3,108190220,0,0,118593290,680236.1,10907364,30568738,0,24145940,2008124.8,76746380,20689060
P1_B12_cluster586_A0A3D0HN78,A0A3D0HN78,rep1,8074.471,0,0,11625.263,0,5126.916,14257.248,0,4654.7,0,11371.449,18672.707
P1_B12_cluster586_A0A3D0HN78_rep2,A0A3D0HN78,rep2,23714.08,0,0,30871.01,0,24222.6,39043.65,0,34030.96,0,97680.57,134514.61
P1_B12_cluster586_A0A3D0HN78_rep3,A0A3D0HN78,rep3,21063.23,0,0,30603.25,0,24310.6,32383.92,0,13017.1,0,71466.59,113627.41
P1_B2_cluster23_A0A078S2R5,A0A078S2R5,rep1,60108210,0,0,4040801.8,0,11121787,5352552.5,8127.684,17610916,2142902.5,4393814,3991650
P1_B2_cluster23_A0A078S2R5_rep2,A0A078S2R5,rep2,74431080,12878.05,0,5528451,0,13473711,4124206.8,11267.42,26213266,2874435,6406595,16210200
P1_B2_cluster23_A0A078S2R5_rep3,A0A078S2R5,rep3,72566540,13867.291,0,9990587,0,13556396,11406099,7017.045,24787988,2636257,7340773.5,6370856
P1_B3_cluster56_A0A1C6E6X3,A0A1C6E6X3,rep1,88810776,5310.654,0,77750170,557745.2,4663789.5,8248895,2530.354,10390851,2189111,45064976,9830760
P1_B3_cluster56_A0A1C6E6X3_rep2,A0A1C6E6X3,rep2,100728800,5249.815,0,132748800,464269.6,5380938,28742930,0,16914120,2385820,81832550,25257630
P1_B3_cluster56_A0A1C6E6X3_rep3,A0A1C6E6X3,rep3,100037000,0,0,102131100,0,7412005,34582780,612.7786,14724310,2783921,62273880,14265390
P1_B4_cluster116_A0A416W4H5,A0A416W4H5,rep1,81028730,5489.038,0,83473330,665933.9,7719565,23325284,0,19155300,1544550.4,51744108,15950141
P1_B4_cluster116_A0A416W4H5_rep2,A0A416W4H5,rep2,108121180,0,0,142310620,1523083,8086031,25219618,0,22440736,1729292,82119570,23569724
P1_B4_cluster116_A0A416W4H5_rep3,A0A416W4H5,rep3,103783060,17317.68,0,98891570,301444.94,11359854,31864820,0,23447958,681394.75,62990950,19410782
P1_B5_cluster177_A0A1C5QNJ0,A0A1C5QNJ0,rep1,75836216,7824.481,0,44389280,537225.3,4892799,6490836.5,13366.617,3613340,1349846.2,20355932,10243697
P1_B5_cluster177_A0A1C5QNJ0_rep2,A0A1C5QNJ0,rep2,93820690,0,0,70872664,512546.12,6752918,28929174,15441.66,7608336,1941087.2,27416592,20004344
P1_B5_cluster177_A0A1C5QNJ0_rep3,A0A1C5QNJ0,rep3,83494850,0,0,97262290,330694.62,5573869.5,16850042,12173.58,3539358.5,1608272.8,63005430,12043571
P1_B6_cluster225_A0A395WCM1,A0A395WCM1,rep1,101152700,8747.984,0,105395800,807695.4,6576541,17931880,0,17434980,1898545,56157400,15413300
P1_B6_cluster225_A0A395WCM1_rep2,A0A395WCM1,rep2,107902300,0,0,131096100,1185642,6272583,18645014,0,20936770,1855318,81516570,19883986
P1_B6_cluster225_A0A395WCM1_rep3,A0A395WCM1,rep3,4207487,0,0,5472828.5,0,894667.4,2182142,0,2162316.5,129531.7,2521255.2,2871512.2
P1_B7_cluster265_A0A1Q6K9G3,A0A1Q6K9G3,rep1,70099130,7899.486,0,72618824,145596.25,2707915.8,15683499,2615.032,4727799.5,2752133.5,52101024,6934164.5
P1_B7_cluster265_A0A1Q6K9G3_rep2,A0A1Q6K9G3,rep2,86595470,0,0,94269170,298144.22,5701958,33909276,9364.568,4289255,3185573.2,88733790,18871498
P1_B7_cluster265_A0A1Q6K9G3_rep3,A0A1Q6K9G3,rep3,82542720,22688.855,0,88801310,646944.94,3769574.5,7715773.5,4402.475,1687860.6,3687580.5,59176984,8934120
P1_B8_cluster359_A0A357TLK7,A0A357TLK7,rep1,94355384,8195.768,0,94161220,552310.44,7934719.5,20130730,0,20942652,1660131.4,54977696,17537468
P1_B8_cluster359_A0A357TLK7_rep2,A0A357TLK7,rep2,3330.784,0,0,5311.332,0,5610.756,1880.323,0,3304.316,0,16252.416,23441.809
P1_B8_cluster359_A0A357TLK7_rep3,A0A357TLK7,rep3,99856856,0,0,107122000,392997.1,11232632,30132008,0,23356704,1825541.6,72289050,21470782
P1_B9_cluster391_A0A0D8IVP2,A0A0D8IVP2,rep1,95015550,8810.779,0,61642044,952887.6,5318249.5,14824521,6433.146,20745512,655423.4,54433324,15954546
P1_B9_cluster391_A0A0D8IVP2_rep2,A0A0D8IVP2,rep2,102038600,6034.771,0,102518900,373248.7,8292370,20721490,8504.676,22620270,1905500,67939870,21027130
P1_B9_cluster391_A0A0D8IVP2_rep3,A0A0D8IVP2,rep3,102947400,0,0,101940600,44829.16,9937662,8386909,3366.188,21668920,900886.9,58670580,15831150
P1_C1_cluster6_U2D571,U2D571,rep1,21882.25,0,0,35882.06,0,40279.04,52381.62,0,37599.12,0,53970.13,134297.75
P1_C1_cluster6_U2D571_rep2,U2D571,rep2,10624.827,0,0,20197.475,0,10838.083,32600.76,0,5885.166,0,80487.81,74427.71
P1_C1_cluster6_U2D571_rep3,U2D571,rep3,111444360,0,0,121049780,642486.4,10276103,31880676,0,23214738,1175494.2,77296220,21494664
P1_C10_cluster428_A0A316Q414,A0A316Q414,rep1,1267744.1,12748.61,0,35304360,643291.2,7090641,17316690,0,17856100,1261813.6,52088596,18279460
P1_C10_cluster428_A0A316Q414_rep2,A0A316Q414,rep2,110476820,0,0,119003544,1036138,10151718,6970509,0,23432142,1757198,80441260,21101880
P1_C10_cluster428_A0A316Q414_rep3,A0A316Q414,rep3,101772130,0,0,100039710,93616.41,10050058,15339589,0,21652326,1879768.4,71955320,19695296
P1_C11_cluster546_A0A395V718,A0A395V718,rep1,85674370,20179.158,0,84181200,541396.94,6021954,5465680,1926.166,14665180,2217023.5,65084890,14676726
P1_C11_cluster546_A0A395V718_rep2,A0A395V718,rep2,95926940,5182.726,0,111561800,809199,6593478,23669980,3312.59,20330540,2452083,81468680,15969170
P1_C11_cluster546_A0A395V718_rep3,A0A395V718,rep3,113368700,7039.852,0,114054100,330717.8,9498387,30316130,2218.22,21647240,1744877,81290650,12106890
P1_C12_cluster634_A0A173ZD58,A0A173ZD58,rep1,86863980,12257.52,0,86029176,670577.5,8724791,8242250,0,20736054,1799613.8,35964890,18130908
P1_C12_cluster634_A0A173ZD58_rep2,A0A173ZD58,rep2,2060.012,0,0,2270.504,0,7385.678,2157.637,0,3083.276,0,3666.773,20409.266
P1_C12_cluster634_A0A173ZD58_rep3,A0A173ZD58,rep3,12436.16,0,0,21683.28,0,20453.03,28480.78,0,29590.4,0,43816.43,104356.82
P1_C2_cluster31_A0A8J7U9Z7,A0A8J7U9Z7,rep1,86181970,5058.703,0,89390920,795884.8,7859557.5,18610954,0,17381272,1469989.8,57622790,16392833
P1_C2_cluster31_A0A8J7U9Z7_rep2,A0A8J7U9Z7,rep2,100970200,4847.286,0,110153000,922295.4,10393390,25014120,0,20723900,1509211,75195290,13402540
P1_C2_cluster31_A0A8J7U9Z7_rep3,A0A8J7U9Z7,rep3,90690020,5851.473,0,93993816,250258.02,8338125,25827570,0,19352304,1493164.9,70748390,15131723
P1_C3_cluster64_A0A174DZA2,A0A174DZA2,rep1,90944050,3808.134,0,84243390,263347.44,5417757,16366732,2011.085,17195340,1759477.4,51770532,15670409
P1_C3_cluster64_A0A174DZA2_rep2,A0A174DZA2,rep2,104799976,0,0,115223860,1013558,6473903,7331421,0,19824072,1839543,71677624,20394864
P1_C3_cluster64_A0A174DZA2_rep3,A0A174DZA2,rep3,97228960,0,0,98075640,64514.38,8384105,29895096,0,21024228,1811040.4,70277544,18737920
P1_C4_cluster119_A0A1C5LGL2,A0A1C5LGL2,rep1,83453810,10210.588,0,90169170,249186.31,3722325,42621016,4565.718,7009456.5,2332504.8,57987036,13132180
P1_C4_cluster119_A0A1C5LGL2_rep2,A0A1C5LGL2,rep2,97137460,9716.656,0,60155224,733977.5,4087845.8,12389879,4224.172,13571794,2515976.2,81097416,18059836
P1_C4_cluster119_A0A1C5LGL2_rep3,A0A1C5LGL2,rep3,95989040,0,0,105156100,63739.69,3585487,33657580,1984.538,8462104,2788644,73794740,14735540
P1_C5_cluster178_A0A174ZD20,A0A174ZD20,rep1,67528510,2833.135,0,79511320,151056.19,5814386,8700140,14580.265,7855238,1976803.2,60169890,17919944
P1_C5_cluster178_A0A174ZD20_rep2,A0A174ZD20,rep2,79653130,0,0,98511830,88920.45,7212162,27823836,11842.41,11453097,2235719.8,72367840,18609098
P1_C5_cluster178_A0A174ZD20_rep3,A0A174ZD20,rep3,70860150,0,0,86293000,0,6486828.5,31467212,4738.137,6366557,2212068,62217972,16159443
P1_C6_cluster239_A0A414M9L3,A0A414M9L3,rep1,541658.1,0,0,11789994,0,12544008,21470808,0,21707214,1980794,9402195,17797426
P1_C6_cluster239_A0A414M9L3_rep2,A0A414M9L3,rep2,109964030,0,0,9183021,0,13723533,19847674,0,28763326,2678994,8109986,14711339
P1_C6_cluster239_A0A414M9L3_rep3,A0A414M9L3,rep3,81639390,0,0,3641576,0,13280990,10660527,0,23620482,2314986,4147847,17743324
P1_C7_cluster266_A0A413RDG7,A0A413RDG7,rep1,93811160,10352.245,0,85401120,515001.4,3851429.8,15541650,2739.497,14849051,2476692.8,59567284,10790552
P1_C7_cluster266_A0A413RDG7_rep2,A0A413RDG7,rep2,107456300,0,0,104974900,413720.7,4843183,30195910,2609.219,19762920,2821741,75765260,12926450
P1_C7_cluster266_A0A413RDG7_rep3,A0A413RDG7,rep3,92465400,0,0,94065176,155546.44,5108671,8325264,1374.014,19437492,2633220,60164000,14432240
P1_C8_cluster362_A0A6N3FX58,A0A6N3FX58,rep1,81526830,0,0,3022797,0,13597543,6004237,0,21715556,2385506,3868602,16312529
P1_C8_cluster362_A0A6N3FX58_rep2,A0A6N3FX58,rep2,75527464,0,0,3841655,0,14708828,6587708,0,27888572,1164820,5283374,16212746
P1_C8_cluster362_A0A6N3FX58_rep3,A0A6N3FX58,rep3,82690184,7292.247,0,3389536.5,0,8605497,5612651,0,27553584,2483115.8,4241101,21783708
P1_C9_cluster392_A0A1C5M2J2,A0A1C5M2J2,rep1,8767417,0,0,51080900,0,1900144.1,5286038.5,14609.79,2810260.8,728671.56,25729854,4261933.5
P1_C9_cluster392_A0A1C5M2J2_rep2,A0A1C5M2J2,rep2,994.3157,0,0,1377.6252,0,587.1041,185.8148,0,3453.5361,0,544.7585,6582.874
P1_C9_cluster392_A0A1C5M2J2_rep3,A0A1C5M2J2,rep3,12258306,0,0,60512130,0,2787359,17267924,16547.31,1697401.5,887346,49964410,6539281.5
P1_D1_cluster8_A0A1C5S406,A0A1C5S406,rep1,32446.793,0,0,34314.312,0,9818.601,45954.402,0,26192.129,0,52757.93,92174.086
P1_D1_cluster8_A0A1C5S406_rep2_20250408112323,A0A1C5S406,rep2,1763.992,0,0,2652.047,0,21457.025,1576.125,0,28943.494,0,2809.523,126926.516
P1_D1_cluster8_A0A1C5S406_rep3,A0A1C5S406,rep3,110414440,0,0,118153820,841941.2,6899303,33117246,4350.69,14163425,2616622,78233790,19259616
P1_D10_cluster460_A7VQ44,A7VQ44,rep1,3420755,0,0,2310304,0,12336110,3352785,0,21214316,2102437,2521138,19589542
P1_D10_cluster460_A7VQ44_rep2_20250408110848,A7VQ44,rep2,4554271,19723.21,0,2458428.5,0,6016789,2269801.8,0,6006910.5,667054.56,3165781.2,8758302
P1_D10_cluster460_A7VQ44_rep3,A7VQ44,rep3,4131616,0,0,3113671,0,15749084,3142743,0,26621530,2198133,2864096,20090520
P1_D11_cluster557_A0A350RPF7,A0A350RPF7,rep1,82037720,4363.771,0,67356740,502341.8,523640,25171276,16975.68,6663715,2259567,26695882,9845473
P1_D11_cluster557_A0A350RPF7_rep2,A0A350RPF7,rep2,99464790,0,0,95654184,767667.1,1199988.2,8705180,22607.04,9498487,2492219.5,84076520,10168464
P1_D11_cluster557_A0A350RPF7_rep3,A0A350RPF7,rep3,119921110,0,0,121066010,1202469,3251945.5,64405190,24917.26,13721016,3189623.5,104610020,17877196
P1_D12_cluster674_H1DEM8,H1DEM8,rep1,20731.1,0,0,17663.21,0,34804.83,14856.37,0,38279.16,0,17271.07,147727.58
P1_D12_cluster674_H1DEM8_rep2,H1DEM8,rep2,46642.31,0,0,61013.07,0,17602.77,81809.84,0,24960.71,0,94082.12,122652.35
P1_D12_cluster674_H1DEM8_rep3,H1DEM8,rep3,140846750,0,0,148078530,0,13097220,33320080,0,32051128,2702708,33004714,18714574
P1_D2_cluster36_A0A0B8QU93,A0A0B8QU93,rep1,1297636.1,29528.19,0,100650320,978837.3,8089657,13079264,0,18450144,509513.06,53915990,17516644
P1_D2_cluster36_A0A0B8QU93_rep2,A0A0B8QU93,rep2,119925110,0,0,125622290,1119949,9547933,25348014,0,23053190,1370592,78786100,16114002
P1_D2_cluster36_A0A0B8QU93_rep3,A0A0B8QU93,rep3,104465140,0,0,106061230,93859.61,10595810,31128948,0,22120750,1230911.4,70506216,15711601
P1_D3_cluster70_A0A1Y3QT37,A0A1Y3QT37,rep1,81565680,2230.381,0,71736530,176946.83,1742579.9,15914402,11325.187,1715139.9,2429120.8,49029376,5398101
P1_D3_cluster70_A0A1Y3QT37_rep2,A0A1Y3QT37,rep2,102637700,0,0,107115384,218227.31,3335221.5,29696216,16815.96,3001924.2,3306789.5,83062850,10279197
P1_D3_cluster70_A0A1Y3QT37_rep3,A0A1Y3QT37,rep3,85388430,6668.29,0,89824990,0,1996671.2,27515998,5958.038,1580204.4,3219544.2,64061148,6907533.5
P1_D4_cluster129_C0ERS1,C0ERS1,rep1,11300383,6596.007,0,9068200,0,1852809,12584297,18755.416,2218134,291683.1,9950466,1800359.2
P1_D4_cluster129_C0ERS1_rep2,C0ERS1,rep2,17140824,3999.972,0,16026838,0,3567917.8,22020322,21427.252,4511223.5,519023.72,20517246,4005955.8
P1_D4_cluster129_C0ERS1_rep3,C0ERS1,rep3,11904401,11043.4,0,9068135,0,1573691.8,15563122,17136.65,1468984.5,254590.34,12797475,1718464.6
P1_D5_cluster183_A0A096B1U0,A0A096B1U0,rep1,93319690,5824.176,0,99561280,1240867.4,6188939,19306040,0,18881750,1277640.1,54609308,18190126
P1_D5_cluster183_A0A096B1U0_rep2,A0A096B1U0,rep2,96552820,12063.17,0,103753096,872903.7,9986265,26752138,0,21277486,1082824.8,67562530,14953781
P1_D5_cluster183_A0A096B1U0_rep3,A0A096B1U0,rep3,97099160,0,0,100757430,82234.12,10585144,28041396,0,23196852,1773866.4,72150230,21543278
P1_D6_cluster245_A0A096DGB7,A0A096DGB7,rep1,1459025.4,3950.974,0,51726024,745727.3,7336018,19517298,0,17885994,1502466.5,54256572,16664609
P1_D6_cluster245_A0A096DGB7_rep2,A0A096DGB7,rep2,86314210,4399.69,0,93675360,534658,10158346,25505968,0,20231352,1629573.5,19829800,21977328
P1_D6_cluster245_A0A096DGB7_rep3,A0A096DGB7,rep3,3698289.2,0,0,4660131,0,1199056.5,2533366.2,0,2582329.5,90258.33,1386400.1,2600943
P1_D7_cluster269_A0A0F0CI09,A0A0F0CI09,rep1,84488450,8441.717,0,82060376,509740.62,7450499,18078810,0,18439260,1422343.1,49195130,16862970
P1_D7_cluster269_A0A0F0CI09_rep2,A0A0F0CI09,rep2,112589576,0,0,86060440,1176318,9900602,25253372,0,22692488,1733541,76370520,17319788
P1_D7_cluster269_A0A0F0CI09_rep3,A0A0F0CI09,rep3,100775256,0,0,107973780,69103.57,10881024,21417324,0,23136806,1845957.2,69552910,16069045
P1_D8_cluster363_A0A3N2MZX6,A0A3N2MZX6,rep1,93718010,8136.979,0,86812320,401366.44,8879823,10208562,0,17548252,1760545.5,57388950,18152870
P1_D8_cluster363_A0A3N2MZX6_rep2,A0A3N2MZX6,rep2,105648560,12868.45,0,107872440,786293.06,9540882,27511532,0,21018910,961244.5,70605090,19895782
P1_D8_cluster363_A0A3N2MZX6_rep3,A0A3N2MZX6,rep3,100113100,8212.981,0,105001700,10602.72,7869353,30030610,0,23718770,2096811,70066840,23102920
P1_D9_cluster395_A0A1Y3YYW1,A0A1Y3YYW1,rep1,80766510,7085.694,0,79380200,296775.38,7853841.5,8811078,0,18776544,1531465.2,51194356,15922154
P1_D9_cluster395_A0A1Y3YYW1_rep2,A0A1Y3YYW1,rep2,101839250,0,0,106396920,682421.1,9133506,26363026,0,19977874,864778.2,24921982,17112880
P1_D9_cluster395_A0A1Y3YYW1_rep3,A0A1Y3YYW1,rep3,101356870,0,0,96725410,0,10873211,21681746,0,21093096,941799.8,67842770,14291809
P1_E1_cluster10_A0A096KTH7,A0A096KTH7,rep1,3676.86,0,0,5440.351,0,5971.255,5484.583,0,8924.977,0,4652.332,25502.566
P1_E1_cluster10_A0A096KTH7_rep2,A0A096KTH7,rep2,3050.213,0,0,4792.047,0,8351.293,4613.916,0,6874.388,0,9650.644,33446.234
P1_E1_cluster10_A0A096KTH7_rep3,A0A096KTH7,rep3,81410940,0,0,92434050,0,9249216,30227080,898.8306,2148153,2973452,69470510,8612047
P1_E10_cluster470_A0A1Q6RAM4,A0A1Q6RAM4,rep1,84092150,6479.413,0,79289370,448515.22,6627366.5,18030790,0,17776572,1302328.6,50869390,17239204
P1_E10_cluster470_A0A1Q6RAM4_rep2,A0A1Q6RAM4,rep2,100449464,23755.4,0,69071360,784253,8694208,27757770,0,22635368,720812.7,67962136,17842334
P1_E10_cluster470_A0A1Q6RAM4_rep3,A0A1Q6RAM4,rep3,95946340,0,0,95992184,129273.4,10457387,27237094,0,21325578,1650508.1,62835764,21081086
P1_E11_cluster560_A0A373HJM3,A0A373HJM3,rep1,1364152.5,3157.529,0,87345176,449198.44,2230635.5,25923530,0,2405548.8,1170037.1,63550700,6981734.5
P1_E11_cluster560_A0A373HJM3_rep2,A0A373HJM3,rep2,19770.65,0,0,24736.172,0,16293.821,30234.53,0,3461.034,0,50397.867,72420.91
P1_E11_cluster560_A0A373HJM3_rep3,A0A373HJM3,rep3,103360570,0,0,120676780,266222.6,3619957.5,20197150,0,3699764.8,1633913.8,84237464,6464728
P1_E12_cluster726_A0A942AQR8,A0A942AQR8,rep1,80056340,4897.107,0,4028324.2,0,12122969,9354935,3822.827,19863790,2131452.5,5210442.5,16919498
P1_E12_cluster726_A0A942AQR8_rep2,A0A942AQR8,rep2,2346.49,0,0,3615.124,0,10689.478,3000.764,0,11567.396,0,9161,38049.13
P1_E12_cluster726_A0A942AQR8_rep3,A0A942AQR8,rep3,104762824,0,0,19633356,0,17182934,26494598,0,35472956,3316292,16495458,20280434
P1_E2_cluster38_A0A1M3L7G3,A0A1M3L7G3,rep1,98474750,3663.365,0,95140840,875232.06,7889969,6533482,0,18354298,636578.4,53384256,16606821
P1_E2_cluster38_A0A1M3L7G3_rep2,A0A1M3L7G3,rep2,112199700,6003.866,0,116202000,1104891,7250559,24465720,0,21676070,1868381,71796940,17082280
P1_E2_cluster38_A0A1M3L7G3_rep3,A0A1M3L7G3,rep3,101106500,0,0,100764360,0,10346388,29875662,0,23808364,1318841,67630904,21524638
P1_E3_cluster83_A0A1Q6F0C9,A0A1Q6F0C9,rep1,82967944,9712.35,0,44062280,664205.2,7563893,17077056,0,14832959,1204628.2,45948490,16198774
P1_E3_cluster83_A0A1Q6F0C9_rep2,A0A1Q6F0C9,rep2,117499900,6151.618,0,148878900,1765501,7139626,20348170,0,24656410,886327.6,75165340,22166650
P1_E3_cluster83_A0A1Q6F0C9_rep3,A0A1Q6F0C9,rep3,97718050,6885.23,0,103319440,0,11068366,25463188,0,21445688,1278708.5,66445880,17972170
P1_E4_cluster144_A0A1C5VKY6,A0A1C5VKY6,rep1,60420920,0,0,52535096,0,2194485,10905701,15513.85,3148198.8,1717406.5,42178060,3358820.2
P1_E4_cluster144_A0A1C5VKY6_rep2,A0A1C5VKY6,rep2,63516548,3727.693,0,70234450,0,2670165.5,29154154,19597.295,4890108.5,2040452.6,79982080,17153742
P1_E4_cluster144_A0A1C5VKY6_rep3,A0A1C5VKY6,rep3,70007576,6088.099,0,64640476,0,2642642,69300290,13896.907,1860022.5,2356844.8,48263484,3746067
P1_E5_cluster184_A0A1D2WV04,A0A1D2WV04,rep1,82883656,3389.614,0,85937250,701338.9,5358765,9490655,0,17270856,1327023.5,56681148,16471635
P1_E5_cluster184_A0A1D2WV04_rep2,A0A1D2WV04,rep2,98164530,20946.23,0,108689760,401323.88,9083217,8165968.5,0,19838140,361308.12,75165550,24699128
P1_E5_cluster184_A0A1D2WV04_rep3,A0A1D2WV04,rep3,4445298.5,0,0,7785254.5,0,496178.47,2670374.2,0,2353231.8,29033.31,575744,500265.56
P1_E6_cluster247_A0A3E4KT54,A0A3E4KT54,rep1,100313000,3048.924,0,82231420,0,7772852,22575820,0,22750530,2109026,26109300,20235720
P1_E6_cluster247_A0A3E4KT54_rep2,A0A3E4KT54,rep2,107726300,4614.318,0,103603900,0,9426907,12316040,0,22089870,2128483,69790500,18166550
P1_E6_cluster247_A0A3E4KT54_rep3,A0A3E4KT54,rep3,102246500,4913.664,0,87515850,0,8213824,15809840,0,25161820,648182.9,51125670,19616720
P1_E7_cluster272_A0A1E3ADP5,A0A1E3ADP5,rep1,82469490,10471.49,0,78570680,612400.94,6994449,18799144,0,17904048,1394912.1,52499120,17469094
P1_E7_cluster272_A0A1E3ADP5_rep2,A0A1E3ADP5,rep2,89941330,21901.63,0,105449130,944089.44,9132672,25234564,0,22922994,1233565.2,67897304,21325852
P1_E7_cluster272_A0A1E3ADP5_rep3,A0A1E3ADP5,rep3,103728700,7646.025,0,104440500,221332.7,10775810,22878390,0,22109520,1639833,68461950,20623320
P1_E8_cluster365_R7PBA0,R7PBA0,rep1,82005920,3533.58,0,41005544,0,12640200,16440774,0,23322154,1598764.2,2734407.8,18669482
P1_E8_cluster365_R7PBA0_rep2,R7PBA0,rep2,93655240,0,0,51371756,0,12349798,30990344,0,27099382,2871534,3123499,23003932
P1_E8_cluster365_R7PBA0_rep3,R7PBA0,rep3,92088110,0,0,37873670,0,14922741,31122612,0,29863194,1213867,2546612,19862550
P1_E9_cluster398_A0A1C5MIH1,A0A1C5MIH1,rep1,84199130,6971.874,0,50357704,297466.2,6336560,4514322,5114.433,18048760,1975765.1,24507316,16400745
P1_E9_cluster398_A0A1C5MIH1_rep2,A0A1C5MIH1,rep2,107576300,0,0,113504300,843994.9,8343796,23788610,2691.178,22948710,2139037,71942420,14549980
P1_E9_cluster398_A0A1C5MIH1_rep3,A0A1C5MIH1,rep3,100462500,0,0,91661340,0,9191598,8231598,629.2172,20874830,2149661,62386820,11163010
P1_F1_cluster11_A0A174CW35,A0A174CW35,rep1,37012.19,0,0,46674.04,0,28841.09,58859.59,0,20563.29,0,57568.04,146130.16
P1_F1_cluster11_A0A174CW35_rep2,A0A174CW35,rep2,7299.998,0,0,6856.121,0,9138.005,4630.945,0,7190.265,0,6208.092,21124.531
P1_F1_cluster11_A0A174CW35_rep3,A0A174CW35,rep3,4408941.5,0,0,8217975,3139.86,468239.9,2451204.5,0,2506595.2,13853,636876.7,645833.4
P1_F10_cluster518_B0MC37,B0MC37,rep1,87730010,5348.795,0,92626900,737690,7917839.5,24295186,0,19338928,724448,54125500,16028568
P1_F10_cluster518_B0MC37_rep2,B0MC37,rep2,118443300,0,0,88571050,937738.9,9627558,26267934,0,23689138,1759689.5,73937350,18717158
P1_F10_cluster518_B0MC37_rep3,B0MC37,rep3,129859580,0,0,133080060,1343622,11941793,30465816,0,25917148,1979603,78577750,18366748
P1_F11_cluster564_A0A1Q6JXM9,A0A1Q6JXM9,rep1,69393500,0,0,71940104,0,2250744.5,19112124,15459.44,2431861.5,1666168.2,49520280,7758829
P1_F11_cluster564_A0A1Q6JXM9_rep2,A0A1Q6JXM9,rep2,54470.65,0,0,50683.52,0,24054.09,55652.96,0,38114.67,0,78526.05,126867.38
P1_F11_cluster564_A0A1Q6JXM9_rep3,A0A1Q6JXM9,rep3,19628.97,0,0,29355.68,0,28821.05,35924.66,0,27491.64,0,63812.93,89887.72
P1_F12_cluster791_A0A3E2XR62,A0A3E2XR62,rep1,89219000,0,0,71257720,559291.2,2329451.5,21918906,20353.09,12938823,2022836.5,62216650,9816540
P1_F12_cluster791_A0A3E2XR62_rep2,A0A3E2XR62,rep2,748.5803,0,0,232.6463,0,3180.204,177.1728,0,3540.8647,0,379.4186,26320.986
P1_F12_cluster791_A0A3E2XR62_rep3,A0A3E2XR62,rep3,16851.63,0,0,25259.19,0,15611.04,29781.22,0,31300.17,0,49594.09,133264.67
P1_F2_cluster40_A0A0M6WSM3,A0A0M6WSM3,rep1,88943864,8010.782,0,83582024,0,1213461.8,15723581,14473.035,3235428,1085382.8,55064844,3403673.2
P1_F2_cluster40_A0A0M6WSM3_rep2,A0A0M6WSM3,rep2,18800.06,0,0,27348.82,0,22098.02,23620.15,0,25873.75,0,38410.69,75691.23
P1_F2_cluster40_A0A0M6WSM3_rep3,A0A0M6WSM3,rep3,83104820,5561.345,0,83872880,0,787909.25,36488716,12592.398,1517210.2,651923.94,64029812,1384253.1
P1_F3_cluster86_A0A1C5V0T2,A0A1C5V0T2,rep1,92691900,7587.484,0,94013170,535939,6817722.5,22099294,1682.943,16204698,1922134.2,56010990,14785524
P1_F3_cluster86_A0A1C5V0T2_rep2,A0A1C5V0T2,rep2,112301400,9112.141,0,125157800,534243.8,10036320,13123490,1970.296,19667820,1966878,72557010,20154260
P1_F3_cluster86_A0A1C5V0T2_rep3,A0A1C5V0T2,rep3,97714820,20713.8,0,98189620,94593.12,10164160,8895344,955.6153,18930310,2006959,72614500,18794880
P1_F4_cluster145_A0A358VEZ8,A0A358VEZ8,rep1,86492370,4303.596,0,84623360,412316.03,4551171,19920554,6369.099,14258744,2068288.2,54616450,13331112
P1_F4_cluster145_A0A358VEZ8_rep2,A0A358VEZ8,rep2,96510600,6132.942,0,72656020,862201.8,6306763.5,13616204,4056.859,20464528,1743394.2,71864040,14901552
P1_F4_cluster145_A0A358VEZ8_rep3,A0A358VEZ8,rep3,100200500,0,0,100937600,53632.16,7691202,34834920,2330.946,18746780,2217180,67276000,11516550
P1_F5_cluster200_A0A1Y3VSR9,A0A1Y3VSR9,rep1,96336620,12079.53,0,86735370,106711.31,8370655.5,22093596,0,20911678,1218424.4,55548340,20230088
P1_F5_cluster200_A0A1Y3VSR9_rep2,A0A1Y3VSR9,rep2,103072500,8028.724,0,66246370,430811.5,7291033,26766650,0,22913510,1802527,69009220,14423900
P1_F5_cluster200_A0A1Y3VSR9_rep3,A0A1Y3VSR9,rep3,95655180,0,0,88827950,0,11000941,23914724,0,22760160,1899104,60150550,19601386
P1_F6_cluster255_A0A3R6IUG4,A0A3R6IUG4,rep1,89206430,11530.339,0,93121736,657449.8,5529510.5,8770451,5229.794,9223938,2703179.2,59560744,12871083
P1_F6_cluster255_A0A3R6IUG4_rep2,A0A3R6IUG4,rep2,104956200,5781.493,0,116373800,705139.8,6673114,29740800,4485.989,14559210,3224474,78458370,14841620
P1_F6_cluster255_A0A3R6IUG4_rep3,A0A3R6IUG4,rep3,103425300,0,0,106589400,0,7856836,28646540,2765.738,11300820,2529829,71520520,16528420
P1_F7_cluster277_A0A1Q6PYZ4,A0A1Q6PYZ4,rep1,10856146,37807.1,0,7796881.5,0,9033325,6470520.5,17308.17,1906763,266615.44,17903634,4615842
P1_F7_cluster277_A0A1Q6PYZ4_rep2,A0A1Q6PYZ4,rep2,13614759,46880.29,0,11057750,0,12031879,8140750,19160.95,2376265.5,379342.06,24544134,6044924
P1_F7_cluster277_A0A1Q6PYZ4_rep3,A0A1Q6PYZ4,rep3,10850054,19409.56,0,7708259,0,11971988,7162623.5,12768.29,1769803.5,200427.56,14587617,4167285.8
P1_F8_cluster369_A0A412TTM9,A0A412TTM9,rep1,83846710,0,0,84900690,0,8194081,15332621,0,19653712,2363501,28131578,18160122
P1_F8_cluster369_A0A412TTM9_rep2,A0A412TTM9,rep2,92273250,0,0,103515150,0,10482643,17648942,0,26802988,2403909,31148090,18213914
P1_F8_cluster369_A0A412TTM9_rep3,A0A412TTM9,rep3,58096720,0,0,67598830,22143.88,6761506.5,20366920,0,7362856.5,383084.56,18659148,14186706
P1_F9_cluster406_A0A414Q275,A0A414Q275,rep1,15217649,65297.21,0,25088710,0,12066328,5822165,0,21490214,2024248.5,2693693,16718878
P1_F9_cluster406_A0A414Q275_rep2,A0A414Q275,rep2,17272038,68532.26,0,31225428,0,13535083,6869718.5,0,25742698,1767208.5,3988223,19610974
P1_F9_cluster406_A0A414Q275_rep3,A0A414Q275,rep3,18287784,56246.62,0,21824658,0,15015954,5169941.5,0,31421770,2588493.2,3084294,22745432
P1_G1_cluster13_A0A1C7H271,A0A1C7H271,rep1,209179.81,0,0,49156.75,0,8749.522,16363.378,0,11722.368,0,11297.816,37109.777
P1_G1_cluster13_A0A1C7H271_rep2,A0A1C7H271,rep2,17918.33,0,0,33886.46,0,38048.87,42609.83,0,39308.47,0,83067.04,177781.61
P1_G1_cluster13_A0A1C7H271_rep3,A0A1C7H271,rep3,43699140,5194.751,0,8920572,0,2082129,9148850,17789.111,1181403.9,54686.324,3500244.2,1034917.8
P1_G10_cluster524_C0CIF5,C0CIF5,rep1,96240650,5374.268,0,91527780,575778.6,8324962.5,8322320,0,19372502,1826590.9,56146520,17242102
P1_G10_cluster524_C0CIF5_rep2,C0CIF5,rep2,8730.314,0,0,18719.496,0,16061.221,25303.107,0,23721.102,0,44586.67,101499.9
P1_G10_cluster524_C0CIF5_rep3,C0CIF5,rep3,132303870,0,0,147408510,1751356,11078021,32261490,0,26381518,2165888,82864750,18286276
P1_G11_cluster569_A0A350THC0,A0A350THC0,rep1,1158536.1,3412.201,0,84947130,338806.38,5553052.5,22417924,6999.474,11232659,2017743,52149028,15158610
P1_G11_cluster569_A0A350THC0_rep2,A0A350THC0,rep2,93124350,2614.125,0,104497900,427928.5,7779627,5627946,12614.21,10116790,2434727,65154750,19591690
P1_G11_cluster569_A0A350THC0_rep3,A0A350THC0,rep3,17630.68,0,0,23539.76,0,25291.81,27393.47,0,29160.3,0,52911.4,105625.34
P1_G12_cluster830_A0A1C6FDU7,A0A1C6FDU7,rep1,5266.78,0,0,5769.888,0,17049.436,6915.314,0,20245.824,0,8577.261,32781.49
P1_G12_cluster830_A0A1C6FDU7_rep2,A0A1C6FDU7,rep2,1818.3165,0,0,1568.6483,0,1581.413,444.3581,0,5106.9443,0,1505.4539,8825.968
P1_G12_cluster830_A0A1C6FDU7_rep3,A0A1C6FDU7,rep3,15977.86,0,0,23749.61,0,24705,28685.13,0,34279.89,0,52928.94,87685.44
P1_G2_cluster44_A0A1C5PCN0,A0A1C5PCN0,rep1,67818830,5528.491,0,57663640,0,1757897.6,28969770,16118.617,2578516,943064.6,42928130,3598979.8
P1_G2_cluster44_A0A1C5PCN0_rep2,A0A1C5PCN0,rep2,74546824,17527.97,0,76844570,0,1866206.2,19549670,21306.88,3274218.5,1548173,81766344,14142916
P1_G2_cluster44_A0A1C5PCN0_rep3,A0A1C5PCN0,rep3,63291148,0,0,58277064,0,1992817.6,37819150,11494.53,1818239.1,1013710,41867320,3373018.2
P1_G3_cluster98_A0A0M6WMX1,A0A0M6WMX1,rep1,83381850,0,0,65108510,72075.02,1667139.5,24400704,5766.627,3533526,1726611.2,53602812,3507524
P1_G3_cluster98_A0A0M6WMX1_rep2,A0A0M6WMX1,rep2,100314850,17290.46,0,92873570,456457.6,2400071.5,29406626,11549.17,9405944,2349004.2,81717950,14314649
P1_G3_cluster98_A0A0M6WMX1_rep3,A0A0M6WMX1,rep3,93234910,6487.006,0,83759840,151522.75,3231470.5,19229476,6344.977,7198612.5,903853.06,63583390,6624728.5
P1_G4_cluster149_A0A0G8G768,A0A0G8G768,rep1,86077960,17255.781,0,74080210,45230.85,4935194.5,23869902,1604.594,17387612,1687647.9,51389410,14139752
P1_G4_cluster149_A0A0G8G768_rep2,A0A0G8G768,rep2,293929.12,0,0,233310.95,0,74933.95,184014.98,0,65647.55,5609.996,304351.56,259479.02
P1_G4_cluster149_A0A0G8G768_rep3,A0A0G8G768,rep3,94315600,0,0,88709800,0,8972808,10761662,0,21893218,1996104,34208096,13266822
P1_G5_cluster206_A0A174MBD8,A0A174MBD8,rep1,86533680,13322.78,0,90089280,755208.06,6984632,8890750,0,17306868,602998.94,58206996,17624302
P1_G5_cluster206_A0A174MBD8_rep2,A0A174MBD8,rep2,101782300,6080.616,0,115941300,1148009,9711046,17841910,0,19451730,1664352,75472850,21090230
P1_G5_cluster206_A0A174MBD8_rep3,A0A174MBD8,rep3,99216910,0,0,101198390,105389.8,9959764,31555278,0,22388908,1874029.1,69515740,16584701
P1_G6_cluster256_A0A0M6WH75,A0A0M6WH75,rep1,91581736,4272.72,0,98064824,1035714.94,6661116,5608762,0,19199802,1534584.4,52786804,18204642
P1_G6_cluster256_A0A0M6WH75_rep2,A0A0M6WH75,rep2,107239940,20689.78,0,124068744,1382712,8580988,24122762,0,22738274,1738577.6,73860330,21683728
P1_G6_cluster256_A0A0M6WH75_rep3,A0A0M6WH75,rep3,107048240,0,0,107440370,82391.72,11906402,33017298,0,23555530,1858650.2,68666664,19623758
P1_G7_cluster285_A0A1C6E707,A0A1C6E707,rep1,84330776,13025.82,0,87457100,558568.5,9174553,24150666,0,19699072,1598468.9,55289510,17036788
P1_G7_cluster285_A0A1C6E707_rep2,A0A1C6E707,rep2,95489570,5924.482,0,105900000,426358.6,9011023,16448320,0,24972330,1688043,68156140,25136520
P1_G7_cluster285_A0A1C6E707_rep3,A0A1C6E707,rep3,98969576,0,0,98327650,176106.8,10692636,29981204,0,22059836,1661810.6,69573500,11127362
P1_G8_cluster383_A0A357TN00,A0A357TN00,rep1,78112820,0,0,83706264,386290.22,5009881,20449750,7382.835,10667177,1785292.9,50833988,13822156
P1_G8_cluster383_A0A357TN00_rep2,A0A357TN00,rep2,104769500,5590.941,0,124060300,988244.5,5120084,28985210,6792.834,16124510,2569855,78427340,14627690
P1_G8_cluster383_A0A357TN00_rep3,A0A357TN00,rep3,101645900,0,0,108619700,386884.9,7046001,38331580,1969.842,16968670,2563563,69725300,20096200
P1_G9_cluster417_A0A1Y3TDY5,A0A1Y3TDY5,rep1,72774450,0,0,66673780,0,4945340,6153827,0,18656286,1727873,23298874,18547186
P1_G9_cluster417_A0A1Y3TDY5_rep2,A0A1Y3TDY5,rep2,99419350,0,0,72451060,0,10113039,26005678,0,26542052,2537404,39430010,14767361
P1_G9_cluster417_A0A1Y3TDY5_rep3,A0A1Y3TDY5,rep3,108823080,0,0,108445816,0,12443601,35240070,0,30543126,1693644,39612960,24409804
P1_H1_cluster18_A6LC91,A6LC91,rep1,17650.84,0,0,30319.39,0,27292.23,43306.23,0,33893.66,0,52848.98,139094.1
P1_H1_cluster18_A6LC91_rep2_20250408113741,A6LC91,rep2,1119.5797,0,0,851.0245,0,4956.355,457.9021,0,7749.494,0,2165.505,48999.727
P1_H1_cluster18_A6LC91_rep3,A6LC91,rep3,16321.68,0,0,31488.84,0,25573.34,38045.95,0,26633.64,0,66306.86,89184.88
P1_H10_cluster525_A0A0S2W269,A0A0S2W269,rep1,93443704,14072.43,0,83495580,712448.56,5683523.5,18834610,0,18995718,747566,50147576,16275163
P1_H10_cluster525_A0A0S2W269_rep2,A0A0S2W269,rep2,25547.44,0,0,33673,0,20838.86,40996.66,0,29696.84,0,22358.75,144553.61
P1_H10_cluster525_A0A0S2W269_rep3,A0A0S2W269,rep3,208.76454,0,0,157.572,0,1062.1997,251.02208,0,361.72397,0,57.60728,72.15196
P1_H11_cluster581_A0A6I3NAM9,A0A6I3NAM9,rep1,119714240,19099.38,0,127601210,1376998.5,8273463.5,24514692,0,21658218,744650.44,56083080,19900730
P1_H11_cluster581_A0A6I3NAM9_rep2,A0A6I3NAM9,rep2,618.2484,0,0,646.5362,0,824.7591,214.1771,0,1221.3083,0,0,3994.621
P1_H11_cluster581_A0A6I3NAM9_rep3,A0A6I3NAM9,rep3,3174.883,0,0,7230.326,0,9767.196,10078.924,0,3790.326,0,11499.008,33342.656
P1_H12_cluster838_A0A3D3YKZ5,A0A3D3YKZ5,rep1,2379.665,0,0,3357.243,0,8923.811,4862.963,0,9093.737,0,5196.69,26160.434
P1_H12_cluster838_A0A3D3YKZ5_rep2,A0A3D3YKZ5,rep2,6493.539,0,0,14723.361,0,16097.342,19804.342,0,21834.422,0,51416.19,92290.48
P1_H12_cluster838_A0A3D3YKZ5_rep3,A0A3D3YKZ5,rep3,0,0,0,0,0,578.1165,99.54005,0,81.45468,0,57.29205,61.77093
P1_H2_cluster47_A0A2T3FKY8,A0A2T3FKY8,rep1,28355.295,0,0,17889.445,0,41430.57,22390.871,0,34534.324,0,6056.708,143338.55
P1_H2_cluster47_A0A2T3FKY8_rep2,A0A2T3FKY8,rep2,1587.973,0,0,3360.15,0,2541.943,1996.582,0,2583.664,0,7183.714,11770.893
P1_H2_cluster47_A0A2T3FKY8_rep3,A0A2T3FKY8,rep3,76282990,0,0,76578550,0,943785.6,9585195,13283.9,1933102.8,1115340.2,56287524,1310915.9
P1_H3_cluster103_A0A349QN89,A0A349QN89,rep1,69616840,4787.407,0,59287176,427016.94,3377407.2,26358956,6710.645,2265173.2,1590525.1,51110436,4143767
P1_H3_cluster103_A0A349QN89_rep2,A0A349QN89,rep2,3065.2,0,0,5339.657,0,3709.993,6274.676,0,13168.716,0,9880.186,28017.16
P1_H3_cluster103_A0A349QN89_rep3,A0A349QN89,rep3,21359.86,0,0,29216.43,0,30435.17,38993.71,0,32994.62,0,63838.2,92740.43
P1_H4_cluster168_A0A1C6A728,A0A1C6A728,rep1,1465472.2,9737.214,0,44274044,143091.16,4138411.5,32415696,3980.561,14207410,2352689.5,21871584,15150646
P1_H4_cluster168_A0A1C6A728_rep2,A0A1C6A728,rep2,45056.9,0,0,49505.65,0,24002.71,68288.09,0,31618.98,0,92220.31,124565.7
P1_H4_cluster168_A0A1C6A728_rep3,A0A1C6A728,rep3,9065.446,0,0,4472.495,0,16272.221,4568.18,0,19158.605,0,8653.8,35019.086
P1_H5_cluster213_A0A0F5JPH2,A0A0F5JPH2,rep1,95684180,0,0,19264070,0,13284432,17479262,0,25124400,2525431,3102317,18504988
P1_H5_cluster213_A0A0F5JPH2_rep2,A0A0F5JPH2,rep2,174767.27,0,0,78076.305,0,57820.82,147131.06,0,61957.15,3086.905,111372.555,334653.34
P1_H5_cluster213_A0A0F5JPH2_rep3,A0A0F5JPH2,rep3,116378160,0,0,38198304,0,10640023,20134948,0,33183970,3028757,3894499,23478212
P1_H6_cluster257_A0A396KEZ6,A0A396KEZ6,rep1,47840580,6372.354,0,23824804,0,1397485.9,18435376,5280.587,2074904.1,273171.44,20342978,2117185
P1_H6_cluster257_A0A396KEZ6_rep2,A0A396KEZ6,rep2,86775040,7635.506,0,78646530,0,1967852,22222182,27186.75,5885270.5,1105960.1,75462000,8803972
P1_H6_cluster257_A0A396KEZ6_rep3,A0A396KEZ6,rep3,3576807,0,0,4717145,0,42879.582,5251352,912.6156,234304.86,21376.21,413517.6,57525.047
P1_H7_cluster308_A0A3E4LQA4,A0A3E4LQA4,rep1,51257850,0,0,56565310,0,1145502.2,17586950,16286.94,1878276.9,578641.5,39146360,1617072.1
P1_H7_cluster308_A0A3E4LQA4_rep2,A0A3E4LQA4,rep2,50003384,3110.707,0,63781404,0,1330719,22920304,20155.855,2385959,765773.4,20614072,1656837.9
P1_H7_cluster308_A0A3E4LQA4_rep3,A0A3E4LQA4,rep3,3448542.8,0,0,2380575.5,0,192826.6,8386871,1076.8,887582.9,108460.9,2614859.8,286425.3
P1_H8_cluster387_A0A316LWP8,A0A316LWP8,rep1,1602855.6,4294.007,0,88206820,0,1928983.2,7362577.5,24725.592,3732410.2,2716496,27247176,5360292
P1_H8_cluster387_A0A316LWP8_rep2,A0A316LWP8,rep2,88367736,4905.527,0,86389090,99662.734,2148574.5,7136473,19921.277,2872480,2986874.5,68911670,8213339.5
P1_H8_cluster387_A0A316LWP8_rep3,A0A316LWP8,rep3,89062744,0,0,90003480,0,3449488,67607336,16484.16,2345610.2,3320829.2,59968224,7425654.5
P1_H9_cluster422_A0A3D4LSP0,A0A3D4LSP0,rep1,84730340,8465.863,0,41941092,591913.44,7944772.5,7890001,0,16569928,1458921,47177090,16818478
P1_H9_cluster422_A0A3D4LSP0_rep2,A0A3D4LSP0,rep2,7798.583,0,0,8580.053,0,14441.837,10829.705,0,20446.688,0,18914.59,37656.58
P1_H9_cluster422_A0A3D4LSP0_rep3,A0A3D4LSP0,rep3,144215380,38622.63,0,153746750,2004067.6,11596102,27465288,0,26589942,2083202.8,78818104,20745362
P2_A1_cluster870_A0A1Q6SNA2,A0A1Q6SNA2,rep1,16309.74,0,0,26554.5,0,10474.78,41470.79,0,14264.26,0,29158.36,45184.93
P2_A1_cluster870_A0A1Q6SNA2_rep2,A0A1Q6SNA2,rep2,6831.324,0,0,8066.774,0,8028.743,9925.91,0,18995.732,0,28357.57,128109.2
P2_A1_cluster870_A0A1Q6SNA2_rep3,A0A1Q6SNA2,rep3,655.5127,0,0,1445.0062,0,1123.8717,2553.4082,0,3430.993,0,678.3343,2645.733
P2_A2_Lysinibacillus_PVA_P12256,P12256,rep1,42439.04,0,0,45062.75,0,38910.71,55226.97,0,40231.85,0,57729.66,160485.84
P2_A2_Lysinibacillus_PVA_P12256_rep2,P12256,rep2,123923430,26165.71,0,155057580,681078.1,9260708,24359656,0,23039676,1669458.6,75595260,31220488
P2_A2_Lysinibacillus_PVA_P12256_rep3,P12256,rep3,3688.094,0,0,7490.065,0,13228.293,10052.356,0,13317.623,0,18098.674,48214.652
P2_A3_Prosthecochloris_A0A317T5Z6,A0A317T5Z6,rep1,39321.6,0,0,13749.96,0,23061.2,13242.02,0,10977.79,0,19324.15,49282.37
P2_A3_Prosthecochloris_A0A317T5Z6_rep2,A0A317T5Z6,rep2,26968.73,0,0,29663.1,0,21714.09,21563.53,0,13153.43,0,22734.36,52544.12
P2_A3_Prosthecochloris_A0A317T5Z6_rep3,A0A317T5Z6,rep3,15953.18,0,0,27036.18,0,18996.7,37474.37,0,31068.87,0,56268.33,115718.94
P2_A4_Moorena_SIO4A1_A0A6B3MYR8,A0A6B3MYR8,rep1,1508.539,0,0,1210.439,0,4946.084,1579.374,0,9051.106,0,3729.652,19518.883
P2_A4_Moorena_SIO4A1_A0A6B3MYR8_rep2,A0A6B3MYR8,rep2,615.0626,0,0,1244.4316,0,2417.6426,0,0,2974.3022,0,1783.8654,11843.097
P2_A4_Moorena_SIO4A1_A0A6B3MYR8_rep3,A0A6B3MYR8,rep3,4208.972,0,0,8307.716,0,11605.273,10285.854,0,12988.759,0,16391.13,29248.13
P2_A5_empty_vector_control,Negative_ctrl_1,rep1,18238.62,0,0,18325.63,0,11595.21,25098.91,0,14766.8,0,32896.01,115905.73
P2_A5_empty_vector_control_rep2,Negative_ctrl_1,rep2,112858470,29981.13,0,135103740,1087046.2,7056542,17051020,0,20846860,1645325.5,57933056,23020936
P2_A5_empty_vector_control_rep3,Negative_ctrl_1,rep3,126577200,9818.988,0,141966000,1166423,9513540,28041740,0,26351540,1953678,75683480,24108820
P2_B1_cluster900_A0A416W0A8,A0A416W0A8,rep1,6356.142,0,0,8575.518,0,28201.832,10669.183,0,26633.031,0,16036.668,80267.55
P2_B1_cluster900_A0A416W0A8_rep2,A0A416W0A8,rep2,111023900,0,0,76442780,856972.4,6799517,20605730,1256.051,20444190,2167199,62937130,14110040
P2_B1_cluster900_A0A416W0A8_rep3,A0A416W0A8,rep3,14921.63,0,0,23039.23,0,22917.71,24416.71,0,27688.49,0,44076.23,128376.36
P2_B2_Lactobacillus_PVA_BBD47700,BBD47700,rep1,35805.367,0,0,35200.047,0,11622.62,47812.832,0,8850.219,0,32069.893,34229.484
P2_B2_Lactobacillus_PVA_BBD47700_rep2,BBD47700,rep2,5090199.5,14519.02,0,11583871,0,12937000,16614087,0,24487170,1861490.8,71832090,22361322
P2_B2_Lactobacillus_PVA_BBD47700_rep3,BBD47700,rep3,27058648,21923.99,0,24890894,0,15611782,30789098,0,27898446,2441890,20959534,17361218
P2_B3_Francisella_A0A5C2BYC4,A0A5C2BYC4,rep1,25468.01,0,0,37369.94,0,39977.47,55173.69,0,40417.15,0,60266.77,167491.33
P2_B3_Francisella_A0A5C2BYC4_rep2,A0A5C2BYC4,rep2,95639210,0,0,88292890,434902.9,8615400,23474766,0,20641858,822818.2,34155144,18103050
P2_B3_Francisella_A0A5C2BYC4_rep3,A0A5C2BYC4,rep3,136199070,0,0,146130130,1626141,11361896,31274304,0,25100868,2101063,80410936,13826708
P2_B4_Okeania_SIO1F9_A0A6B3PBB6,A0A6B3PBB6,rep1,17620.568,0,0,8698.286,0,20736.027,8643.098,0,21893.928,0,3921.453,63245.23
P2_B4_Okeania_SIO1F9_A0A6B3PBB6_rep2,A0A6B3PBB6,rep2,110885460,0,0,115259380,683275,9801235,28392566,0,20785714,1735764,66939420,16435372
P2_B4_Okeania_SIO1F9_A0A6B3PBB6_rep3,A0A6B3PBB6,rep3,3170.15,0,0,8278.398,0,20177.064,12195.022,0,6693.377,0,20367.93,69884.59
P2_B5_empty_vector_control,Negative_ctrl_2,rep1,21184.922,0,0,24426.34,0,12308.896,25060.846,0,8915.299,0,19448.799,55794.26
P2_B5_empty_vector_control_rep2,Negative_ctrl_2,rep2,73611260,20415.53,0,76640590,333342,8328823.5,5786013,0,19797390,1394423.4,52973504,14870665
P2_B5_empty_vector_control_rep3,Negative_ctrl_2,rep3,95607100,4304.435,0,92541850,86532.59,10451391,6822425,0,21962074,1769430.2,55222956,19159060
P2_C1_cluster960_G5H9U7,G5H9U7,rep1,1382282.4,14041.13,0,66070220,745587.8,8397542,23049066,0,20115978,1565670.6,57156276,20854312
P2_C1_cluster960_G5H9U7_rep2,G5H9U7,rep2,96164700,0,0,102503060,589287.8,8090836.5,4818012,0,19210244,1621435.5,68384296,17673672
P2_C1_cluster960_G5H9U7_rep3,G5H9U7,rep3,116696296,0,0,122244750,906134.2,12008983,12717976,0,26201586,1802230.6,78405710,16962822
P2_C2_Maribacter_A0A848U0C2,A0A848U0C2,rep1,83754456,14479.04,0,78078820,581660.4,7493580.5,18456730,0,18086080,1286724.5,54043456,18148084
P2_C2_Maribacter_A0A848U0C2_rep2,A0A848U0C2,rep2,87725450,0,0,85062070,526268.8,8316914,9576577,0,18772340,1355633.1,41931376,19863602
P2_C2_Maribacter_A0A848U0C2_rep3,A0A848U0C2,rep3,111580160,0,0,107248070,393250.8,9728460,31043036,0,22894332,1896833.4,77557224,14636840
P2_C3_Francisella_A0A5C2C0X5,A0A5C2C0X5,rep1,87126984,5639.07,0,93212530,455925.34,7791038.5,7317535.5,0,18914342,965914.25,55624450,20137296
P2_C3_Francisella_A0A5C2C0X5_rep2,A0A5C2C0X5,rep2,98162950,0,0,103871784,430782.4,8936409,27737144,0,21299628,1607217.4,68844310,14220715
P2_C3_Francisella_A0A5C2C0X5_rep3,A0A5C2C0X5,rep3,99452620,9145.803,0,102206400,152551.9,10141380,31634110,0,22265120,1745042,69416500,16794510
P2_C4_Okeania_SIO1F9_A0A6B3PFJ7,A0A6B3PFJ7,rep1,84196150,21263.9,0,79170024,607810.7,6736369.5,19032438,0,15390915,1197330.4,50628280,19364094
P2_C4_Okeania_SIO1F9_A0A6B3PFJ7_rep2,A0A6B3PFJ7,rep2,96134050,0,0,90856320,313631.5,8962296,24507724,0,11472849,1474153.5,65501860,20957220
P2_C4_Okeania_SIO1F9_A0A6B3PFJ7_rep3,A0A6B3PFJ7,rep3,100427250,0,0,101901850,436987.6,11028298,10057485,0,25908022,1200552.8,66600908,21472194
P2_C5_empty_vector_control,Negative_ctrl_3,rep1,78823560,5824.289,0,75120100,390059.25,6679489,9952310,0,15988062,824053.6,52085572,18925688
P2_C5_empty_vector_control_rep2,Negative_ctrl_3,rep2,78670470,7380.144,0,85051496,665441.44,8614537,12829847,0,20663290,1568314,64185668,18870472
P2_C5_empty_vector_control_rep3,Negative_ctrl_3,rep3,100025670,0,0,101165000,208387.5,10836218,12456767,0,23502828,1789664.2,73045860,21480318
P2_D1_cluster976_G5H9N3,G5H9N3,rep1,94357070,18785.05,0,103577360,1093402.8,7187110.5,19697434,0,20906802,664949.8,61527570,17103228
P2_D1_cluster976_G5H9N3_rep2,G5H9N3,rep2,100404376,0,0,102064780,663005,9010262,27429544,0,19219260,1333269,65188388,16015046
P2_D1_cluster976_G5H9N3_rep3,G5H9N3,rep3,108085500,5918.943,0,113286800,485635,11082810,14904050,0,22542370,828118.7,73785410,17282530
P2_D2_Myroides_A0A7K1GNS5,A0A7K1GNS5,rep1,85446230,3982.007,0,78059330,505685.3,6656160,17087940,0,15588793,1440961.1,51982228,18975362
P2_D2_Myroides_A0A7K1GNS5_rep2,A0A7K1GNS5,rep2,97679720,6001.976,0,99159160,374253.5,9109808,25882674,0,19940532,1644875.5,66701920,19763422
P2_D2_Myroides_A0A7K1GNS5_rep3,A0A7K1GNS5,rep3,107830300,2087.472,0,111296100,483143.6,7826466,18216750,0,22151970,1918579,73001060,15816500
P2_D3_Francisella_A0A5C2C1U8,A0A5C2C1U8,rep1,83494720,8015.878,0,82461310,446304.5,7266375,10800207,0,17378410,1497070.9,55817704,17291772
P2_D3_Francisella_A0A5C2C1U8_rep2,A0A5C2C1U8,rep2,90018056,0,0,91959610,485318.8,7397347.5,12581672,0,19135386,1356280.5,61690320,12493856
P2_D3_Francisella_A0A5C2C1U8_rep3,A0A5C2C1U8,rep3,4443095.5,0,0,8233097,1088.065,474946.7,2632994,0,2262320,26637.092,618585.6,576574.56
P2_D4_Melainabacteria_A0A952U252,A0A952U252,rep1,82350136,3426.538,0,81356700,594160.5,7185433,11087460,0,17966134,1340574.9,52914892,20070094
P2_D4_Melainabacteria_A0A952U252_rep2,A0A952U252,rep2,92266824,0,0,44959604,608347.2,6790885.5,12250132,0,20021956,580845.8,63608230,18175150
P2_D4_Melainabacteria_A0A952U252_rep3,A0A952U252,rep3,102623224,0,0,108714510,254107.9,10968323,21397028,0,23168076,2019885.1,70072880,13101787
P2_D5_substrate_only_control,Only_substrate_1,rep1,73999930,19473.55,0,80305340,500320.28,7133665.5,19383828,0,17461646,1308260.8,45334500,18676946
P2_D5_substrate_only_control_rep2,Only_substrate_1,rep2,85543730,7136.7,0,58430396,363494.8,9015974,9217165,0,20928608,1498072.9,60125216,18941872
P2_D5_substrate_only_control_rep3,Only_substrate_1,rep3,99536824,0,0,94583160,363585.2,10497624,28377734,0,23837558,1665598.9,62590700,21452602
P2_E1_Listeria_PVA_Q8Y9S7,Q8Y9S7,rep1,1167713.1,12843.66,0,93548880,1096329.5,7296164.5,18825088,0,18875174,1285517.5,48672890,21322564
P2_E1_Listeria_PVA_Q8Y9S7_rep2,NA,rep2,90833410,0,0,58983464,697330.1,9374213,24968200,0,20189018,1478035,63187636,19262832
P2_E1_Listeria_PVA_Q8Y9S7_rep3,Q8Y9S7,rep3,102650450,12525.81,0,102320880,589003.06,10010865,12952871,0,21236506,1837273.8,67112260,15497101
P2_E2_Aureitalea_A0A2S7KLN3,A0A2S7KLN3,rep1,84414744,11952.07,0,84353260,518070.66,6675355.5,19224712,0,17394392,1375743.4,55841776,19765570
P2_E2_Aureitalea_A0A2S7KLN3_rep2,A0A2S7KLN3,rep2,96024720,0,0,103746240,722049.8,8239357.5,13293168,0,18611986,1497494.5,76308900,19229170
P2_E2_Aureitalea_A0A2S7KLN3_rep3,A0A2S7KLN3,rep3,107781900,7744.283,0,108046600,271805.6,11543970,29520060,0,24184460,1876016,73785370,16296130
P2_E3_Vibrio_A0A7W2FPE8,A0A7W2FPE8,rep1,24320470,56333.37,0,75661144,0,12090384,20848132,0,18031954,2069817.1,2289614.8,19295174
P2_E3_Vibrio_A0A7W2FPE8_rep2,A0A7W2FPE8,rep2,22381628,37064.81,0,86864376,0,13575235,29915410,0,25549114,2577939.8,2818272.8,17805142
P2_E3_Vibrio_A0A7W2FPE8_rep3,A0A7W2FPE8,rep3,26370320,35134.03,0,94375464,0,14984995,33324286,0,25882950,2928987,2993939.5,17733620
P2_E4_Symploca_SIO2E9_A0A6B3M9R4,A0A6B3M9R4,rep1,80763176,13759.82,0,57772616,530708.44,7359514.5,18929084,0,15992178,1400911,52347468,18840786
P2_E4_Symploca_SIO2E9_A0A6B3M9R4_rep2,A0A6B3M9R4,rep2,100767190,0,0,99238100,468610.5,10047372,26332648,0,20965048,969098.4,64036056,14576793
P2_E4_Symploca_SIO2E9_A0A6B3M9R4_rep3,A0A6B3M9R4,rep3,102322000,5918.703,0,100256900,265411.7,7563168,28382380,0,23614820,1804885,67326260,20509660
P2_E5_substrate_only_control,Only_substrate_2,rep1,8619.862,0,0,11117.235,0,5032.81,13058.338,0,5119.153,0,9060.966,16638.621
P2_E5_substrate_only_control_rep2,Only_substrate_2,rep2,45412.78,0,0,57262.85,0,28701.74,108517.32,0,35279.64,0,103649.63,154886.83
P2_E5_substrate_only_control_rep3,Only_substrate_2,rep3,12862.29,0,0,25831.19,0,17950.9,34333.21,0,26711.54,0,70102.12,113419.66
P2_F1_Listeria_BSH_Q8Y5J3,Q8Y5J3,rep1,95293750,4882.019,0,57985456,1129625.1,5273652.5,19923582,0,11898282,377679,67918936,22416156
P2_F1_Listeria_BSH_Q8Y5J3_rep2,Q8Y5J3,rep2,103077890,0,0,107350104,861481.9,5477762.5,32257494,0,9538425,281901.6,69239350,16183610
P2_F1_Listeria_BSH_Q8Y5J3_rep3,Q8Y5J3,rep3,105736160,0,0,119404620,1105773.1,8139998,46816524,0,12312779,445139.1,79326670,23245244
P2_F2_Blastospirellula_A0A2S8G2H3,A0A2S8G2H3,rep1,86028700,0,0,77399150,560637.1,5496306.5,17401006,0,18651112,1350806.1,53238692,18594730
P2_F2_Blastospirellula_A0A2S8G2H3_rep2,A0A2S8G2H3,rep2,102841380,0,0,107179030,732721,9823610,26143778,0,21701696,1262327,74148240,24474560
P2_F2_Blastospirellula_A0A2S8G2H3_rep3,A0A2S8G2H3,rep3,99906820,0,0,99295304,430108,11065127,29379716,0,21476436,1868694,68852616,22496222
P2_F3_Desulfomarina_A0A8D5FTP2,A0A8D5FTP2,rep1,78447360,10075.16,0,77638560,620175.06,6534544.5,17730720,0,18040136,1396332,48993596,21204514
P2_F3_Desulfomarina_A0A8D5FTP2_rep2,A0A8D5FTP2,rep2,96700500,0,0,96648910,305097.2,8779204,7232563.5,0,22101016,1649380.9,65261268,12819285
P2_F3_Desulfomarina_A0A8D5FTP2_rep3,A0A8D5FTP2,rep3,4011632.8,772.6312,0,6455489.5,2879.9966,751454.1,2515581.2,0,2647872.2,99889.516,3929791,2881364.5
P2_F4_Marinobacter_A0A1I4P275,A0A1I4P275,rep1,89056344,10534.94,0,87965784,603005.25,7562160.5,9207751,0,16622446,1405287.1,56595788,21376286
P2_F4_Marinobacter_A0A1I4P275_rep2,A0A1I4P275,rep2,91854640,4880.293,0,96990810,373186.72,6084768,13365780,0,18551884,671135.06,68279610,14834677
P2_F4_Marinobacter_A0A1I4P275_rep3,A0A1I4P275,rep3,9221500,471.2481,0,11537580,6906.482,1271053,3681109,0,3042863,153065.6,8982843,4751585
P2_F5_substrate_only_control,Only_substrate_3,rep1,8801.943,0,0,23773.975,0,12018.898,32549.49,0,13716.138,0,10477.417,53952.332
P2_F5_substrate_only_control_rep2,Only_substrate_3,rep2,2733.473,0,0,7060.063,0,6639.633,10080.212,0,10776.775,0,17419.787,50612.562
P2_F5_substrate_only_control_rep3,Only_substrate_3,rep3,1407875.6,0,0,1212223.9,0,424775.44,1463957.6,0,450513.53,38415.58,974251.6,1021826.3
P2_G1_Listeria_BSH_A0A3Q0NGD6,A0A3Q0NGD6,rep1,1453229.1,6626.631,0,68074110,700451.75,2097486.8,13018258,1641.173,1626724.2,109297.73,77920090,13060395
P2_G1_Listeria_BSH_A0A3Q0NGD6_rep2,A0A3Q0NGD6,rep2,103872920,0,0,73157890,1542193.4,1535811,24127244,0,1474839.8,99090.05,81388184,9142745
P2_G1_Listeria_BSH_A0A3Q0NGD6_rep3,A0A3Q0NGD6,rep3,128830500,0,0,158062000,1477397,3763855,21937960,773.6178,8578846,731137.5,102626200,12433750
P2_G2_Blastospirellula_A0A2S8GTJ2,A0A2S8GTJ2,rep1,82172110,22446.61,0,83764970,416294.12,7581401.5,21169306,0,17488258,915728.5,56767920,16373713
P2_G2_Blastospirellula_A0A2S8GTJ2_rep2,A0A2S8GTJ2,rep2,89334180,14209.75,0,97460210,608890,8224971.5,21004870,0,20154170,957111.2,72908950,16894964
P2_G2_Blastospirellula_A0A2S8GTJ2_rep3,A0A2S8GTJ2,rep3,105185400,6721.002,0,108019700,502311.9,10767180,8335389,0,22166110,1746813,70687380,19555320
P2_G3_Mariniradius_M7X2M2,M7X2M2,rep1,82498500,7099.727,0,76705210,291603.9,6947653.5,18986206,0,16661664,1131365.2,47540396,19856136
P2_G3_Mariniradius_M7X2M2_rep2,M7X2M2,rep2,89318440,10312.5,0,85218230,452608.3,8241894,12739632,0,21455168,1440206.5,57335188,19335984
P2_G3_Mariniradius_M7X2M2_rep3,M7X2M2,rep3,84996680,11553.44,0,92223976,407126.84,7420337.5,27183942,0,17339550,1295658.9,60352984,16576936
P2_G4_polyamineBSH_A0A1Y4QH48,A0A1Y4QH48,rep1,91343280,5154.643,0,85968100,667291.4,8039835,21584006,0,17433434,1458920.8,54169156,15548890
P2_G4_polyamineBSH_A0A1Y4QH48_rep2,A0A1Y4QH48,rep2,92243660,15400.53,0,55549976,392359.47,5929209.5,11836752,0,18120498,1190221.1,54643060,16911440
P2_G4_polyamineBSH_A0A1Y4QH48_rep3,A0A1Y4QH48,rep3,103302800,4717.476,0,109642200,478042.8,11433760,30356100,0,22679920,1723006,68205400,18702140
P2_H1_Bifidobacterium_BSH_Q9KK62,Q9KK62,rep1,85872540,12372.19,0,88200170,727843.2,7105655.5,19026242,0,17594474,1674292.8,49662840,19645154
P2_H1_Bifidobacterium_BSH_Q9KK62_rep2,Q9KK62,rep2,1572.931,0,0,2572.27,0,5113.747,1574.623,0,3930.948,0,3603.693,25230.344
P2_H1_Bifidobacterium_BSH_Q9KK62_rep3,Q9KK62,rep3,2317.545,0,0,3361.722,0,12239.782,3906.553,0,7009.409,0,8343.554,24590.67
P2_H2_Mycobacterium_A0A3E2MNL2,A0A3E2MNL2,rep1,1082538.1,13662.4,0,98480536,1003282.1,6023067.5,19864842,0,16783968,1485296.4,50756830,19559986
P2_H2_Mycobacterium_A0A3E2MNL2_rep2,A0A3E2MNL2,rep2,16693.14,0,0,30722.64,0,32254.64,39802.01,0,27507.47,0,77573.21,158954.55
P2_H2_Mycobacterium_A0A3E2MNL2_rep3,A0A3E2MNL2,rep3,13996.04,0,0,23239.81,0,20813.04,27621.21,0,29375.37,0,50521.51,116677.09
P2_H3_Halodesulfovibrio_A0A1N6ECR1,A0A1N6ECR1,rep1,94240104,5822.5,0,94702110,791204.8,8082105.5,21410098,0,18948748,1236773.5,53180184,19306974
P2_H3_Halodesulfovibrio_A0A1N6ECR1_rep2,A0A1N6ECR1,rep2,566.011,0,0,535.585,0,1723.3511,181.6349,0,3574.6743,0,377.9543,4298.3813
P2_H3_Halodesulfovibrio_A0A1N6ECR1_rep3,A0A1N6ECR1,rep3,116564780,0,0,128604840,1040800.6,10869249,14972677,0,24614962,851269.9,76211384,14558404
P2_H4_penicillin_amidase,Pencillin_amidase,rep1,94499900,3404.209,0,101430100,1151695,5423329,11117310,0,18332190,927370.5,51282590,20857210
P2_H4_penicillin_amidase_rep2,Pencillin_amidase,rep2,25850.96,0,0,42002.24,0,45855.23,60375.82,0,48860.66,0,111572.39,153640.1
P2_H4_penicillin_amidase_rep3,Pencillin_amidase,rep3,118269990,0,0,125071350,948981.8,11196638,14857031,0,25036574,934838.1,73669450,14853346
Resuspension_buffer,NA,rep1,288.4442,0,0,0,0,167.1782,575.2235,0,0,0,907.0927,6820.788
Resuspension_buffer_rep2,NA,rep2,0,0,0,0,0,250.8764,0,0,256.8827,0,0,0
Resuspension_buffer_rep3,NA,rep3,0,0,0,365.2635,0,2337.3486,0,0,1646.0396,0,0,3849.8914
Testmix_1,NA,rep1,596.7612,0,0,0,0,161.851,969.1439,0,201.5961,0,1248.5441,10306.704
Testmix_1_rep2,NA,rep2,4506.5605,0,0,2935.3245,0,751.3382,1144.1503,0,212.7153,0,0,782.9839
Testmix_1_rep3,NA,rep3,7647.742,0,0,8235.352,0,3808.557,7353.236,0,2496.132,0,1901.978,5812.331
Testmix_2,NA,rep1,12882.36,0,0,15592.43,0,30071.49,24043.2,0,25139.56,0,17977.69,109910.5
Testmix_2_rep2,NA,rep2,38968.88,0,0,49347.82,0,27258.12,61823.45,0,29502.76,0,81532.79,190907.42
Testmix_2_rep3,NA,rep3,29095.68,0,0,40886.53,0,23981.03,56055.52,0,34737.45,0,63423.79,100759.05
Testmix_3,NA,rep1,18646.43,0,0,32746.207,0,12427.614,31413.822,0,32241.1,0,8432.203,113200.375
Testmix_3_rep2,NA,rep2,56578.04,0,0,61981.06,0,30332.94,69791.55,0,26521.8,0,98782.81,131794.16
Testmix_3_rep3,NA,rep3,27005.46,0,0,37936.19,0,35585.85,40613.5,0,27177.85,0,64010.15,125711.16
Testmix_4,NA,rep1,56180.63,0,0,51090.83,0,32789.81,54440.59,0,29406.75,0,51022.77,139727.34
Testmix_4_rep2,NA,rep2,16627.318,0,0,10575.174,0,4500.429,8858.722,0,1133.337,0,3377.205,4454.107
Testmix_4_rep3,NA,rep3,148754.03,0,0,59800.77,0,30996.47,44169.46,0,29153.19,0,75027.84,124823.72
Testmix_5,NA,rep1,51071.33,0,0,48239.15,0,18344.46,55000.61,0,25439.56,0,65554.45,95859.4
Testmix_5_rep2,NA,rep2,23468.26,0,0,30731.85,0,22106.33,43947.9,0,28157.72,0,61999.05,96248.2
Testmix_5_rep3,NA,rep3,23741.9,0,0,20522.77,0,21157.95,23764.93,0,28604.59,0,5713.62,80614.81
Testmix_6,NA,rep1,29691.91,0,0,33512.84,0,20012.46,31820.55,0,22684.47,0,52909.66,118981.84
Testmix_6_rep2,NA,rep2,42823.16,0,0,48851.46,0,21277.64,55878.66,0,21956.8,0,88242.56,86455.61
Testmix_7,NA,rep1,33288.01,0,0,31109.22,0,17165.88,47204.18,0,11847.72,0,31963.35,64956.85
Testmix_7_rep2,NA,rep2,25253.2,0,0,42406.14,0,32050.68,57165.57,0,42615.27,0,156391.39,227268.25
Testmix_8,NA,rep1,10975.96,0,0,8113.454,0,9396.698,8642.583,0,11833.463,0,6341.14,17730.035
Testmix_8_rep2,NA,rep2,10347.061,0,0,9406.853,0,12025.028,9392.901,0,5086.657,0,2963.883,14990.442
Total_pool_1,NA,rep1,1374670.2,6693.348,0,85296984,570357.7,7065183.5,7456554,2574.336,20733758,987180.25,50251340,14065434
Total_pool_1_rep2,NA,rep2,81705530,4693.097,0,75906350,335714.94,7508889.5,10645398,2791.681,20939656,1881263.5,54284740,11344387
Total_pool_10,NA,rep1,99933660,14904.44,0,95837120,663684.6,6008167.5,21771180,3074.435,23633268,2069609.8,57459100,14676044
Total_pool_10_rep2,NA,rep2,106599000,5190.698,0,107369500,439247.1,9656444,6001418,0,24668060,776016.7,69198680,13929850
Total_pool_11,NA,rep1,105886600,18110.86,0,100825000,640856.8,8643688,18355580,978.4303,19921310,2210587,59692320,17057350
Total_pool_11_rep2,NA,rep2,31097.71,0,0,21378.08,0,26491.47,19394.95,0,47245.26,0,38214.56,136603.33
Total_pool_12,NA,rep1,102187000,20914.99,0,97701290,686542.1,7582178,24336100,2935.827,22996090,2072233,57632620,17682910
Total_pool_12_rep2,NA,rep2,38556.816,0,0,30441.574,0,7964.526,24690.17,0,18517.627,0,50787.633,101773.91
Total_pool_13,NA,rep1,1447911,8822.398,0,101439500,584357.9,8568714,26063870,1357.061,18722730,2542378,56772480,16425370
Total_pool_13_rep2,NA,rep2,17821.62,0,0,36514.68,0,23751.98,40537.75,0,17994.33,0,171437.17,332016.97
Total_pool_14,NA,rep1,1466880,13653.03,0,102643200,682003.7,7617282,9912812,1002.726,21470670,2362949,60397480,17276520
Total_pool_14_rep2,NA,rep2,10002.552,0,0,6091.264,0,7354.547,3766.198,0,4496.848,0,1964.669,9586.061
Total_pool_2,NA,rep1,90442050,16304.792,0,88591490,724045.1,8186805.5,21377420,4121.857,19677682,1882847.4,50583176,16529230
Total_pool_2_rep2,NA,rep2,98953210,4767.006,0,91335784,449165.5,6339074.5,54522770,0,22995474,2266831.8,63201600,20915772
Total_pool_3,NA,rep1,673617.7,10895.497,0,95079420,211851.31,7399761.5,20650618,4626.104,21365604,1896990,54955460,16231134
Total_pool_3_rep2,NA,rep2,94850750,11704.998,0,62141150,505873.88,8980289,7038691.5,1624.685,24611940,2351246,61845490,15265499
Total_pool_4,NA,rep1,89776984,8514.135,0,93907096,799985.56,8786486,20055000,2934.906,18299046,1935418.2,52509960,15245508
Total_pool_4_rep2,NA,rep2,103797900,12980.08,0,57244330,300925.5,7149680,31484270,1271.358,25731610,1556444,63502680,12732740
Total_pool_5,NA,rep1,91110300,9415.664,0,93571256,710468.7,7587412,8706772,3023.506,17749420,2071082.9,56943224,15476540
Total_pool_5_rep2,NA,rep2,105765800,12703.72,0,101421000,594384.5,9402103,28181990,1657.833,22654090,1130542,43704230,11785300
Total_pool_6,NA,rep1,93840190,14192.89,0,92105576,708819.6,7936302,18154924,1331.71,19569866,1926585.9,51266710,18494500
Total_pool_6_rep2,NA,rep2,94917304,7476.606,0,97508950,396918.6,6215959.5,24107584,1359.293,23889660,2446718.8,65001140,18162644
Total_pool_7,NA,rep1,97675990,17494.834,0,93009350,694267.6,4827228.5,10730819,1752.021,20310838,1974623,56084310,16688977
Total_pool_7_rep2,NA,rep2,100650090,14471.2,0,99008824,363934.8,6258378.5,25601510,0,23658956,1502341.8,37060950,14595556
Total_pool_8,NA,rep1,95749860,4633.908,0,93757750,641716,7701566.5,19887556,4399.843,18162288,1875517.6,53817096,17171798
Total_pool_8_rep2,NA,rep2,98084940,0,0,62124510,435131.75,8463481,51221404,1868.276,24398488,2453870.5,66436290,16476259
Total_pool_8_rep3,NA,rep3,4365089.5,0,0,7277783.5,0,454723.6,2738391.2,0,2147575,31644.58,568221.94,498289.9
Total_pool_9,NA,rep1,98982850,5772.34,0,103113930,747913.9,7568381,8794411,4342.86,19711702,2116696.5,58471532,12926622
Total_pool_9_rep2,NA,rep2,103279120,10435.5,0,105241704,360060.9,8068489.5,29516640,2662.2,21659940,2258358.8,64718600,15164308
