entry,accession,split,Amine,Hydroxyl,measured,raw_full,raw_trimmed,delta,cal_full,cal_trimmed,embedding_cosine,comparable,gain
cluster111_B5D243,B5D243,dev,phenylalanine,Tri,False,0.0667,0.9783,0.9116,0.0679,0.8343,0.9901,True,0.9116
cluster111_B5D243,B5D243,dev,gaba,Tri,False,0.0243,0.9723,0.948,0.0264,0.8273,0.9901,True,0.9480000000000001
cluster18_A6LC91,A6LC91,dev,gaba,Tri,False,0.0258,0.9645,0.9387,0.0264,0.8273,0.9815,True,0.9387
cluster111_B5D243,B5D243,dev,phenylalanine,Di,False,0.0618,0.955,0.8932,0.0679,0.7921,0.9901,True,0.8932
cluster18_A6LC91,A6LC91,dev,phenylalanine,Tri,False,0.0503,0.95,0.8997,0.0679,0.7921,0.9815,True,0.8996999999999999
cluster111_B5D243,B5D243,dev,gaba,Di,False,0.0228,0.9481,0.9253,0.0264,0.7921,0.9901,True,0.9253
cluster424_A0A1Q6E5Z9,A0A1Q6E5Z9,dev,gaba,Tri,False,0.0284,0.9424,0.914,0.0264,0.7921,0.9916,True,0.914
cluster111_B5D243,B5D243,dev,alanine,Di,False,0.0558,0.9382,0.8824,0.0679,0.7921,0.9901,True,0.8824000000000001
cluster18_A6LC91,A6LC91,dev,gaba,Di,False,0.0216,0.9361,0.9145,0.0264,0.7921,0.9815,True,0.9145000000000001
cluster54_A0A069S9I0,A0A069S9I0,test,phenylalanine,Tri,False,0.0852,0.9324,0.8472,0.0758,0.7921,0.9923,True,0.8472
cluster424_A0A1Q6E5Z9,A0A1Q6E5Z9,dev,phenylalanine,Tri,False,0.076,0.9302,0.8542,0.0679,0.7921,0.9916,True,0.8542000000000001
cluster111_B5D243,B5D243,dev,asparagine,Tri,False,0.0976,0.929,0.8314,0.0758,0.7921,0.9901,True,0.8314
Moorena_SIO4A1_A0A6B3MYR8,A0A6B3MYR8,dev,gaba,Tri,False,0.0936,0.9271,0.8335,0.0758,0.7921,0.9903,True,0.8335
cluster18_A6LC91,A6LC91,dev,phenylalanine,Di,False,0.0411,0.9136,0.8725,0.046,0.7921,0.9815,True,0.8724999999999999
cluster54_A0A069S9I0,A0A069S9I0,test,gaba,Tri,False,0.0305,0.9116,0.8811,0.0264,0.7921,0.9923,True,0.8811
cluster424_A0A1Q6E5Z9,A0A1Q6E5Z9,dev,gaba,Di,False,0.0232,0.9083,0.8851,0.0264,0.7921,0.9916,True,0.8851
cluster424_A0A1Q6E5Z9,A0A1Q6E5Z9,dev,alanine,Di,False,0.0433,0.9065,0.8632,0.0679,0.7921,0.9916,True,0.8632
cluster111_B5D243,B5D243,dev,dopamine,Tri,False,0.0687,0.9026,0.8339,0.0679,0.7921,0.9901,True,0.8339
cluster111_B5D243,B5D243,dev,2_aminophenol,Tri,False,0.038,0.8922,0.8542,0.046,0.7547,0.9901,True,0.8542
cluster424_A0A1Q6E5Z9,A0A1Q6E5Z9,dev,phenylalanine,Di,False,0.0756,0.8903,0.8147,0.0679,0.7547,0.9916,True,0.8147
cluster54_A0A069S9I0,A0A069S9I0,test,phenylalanine,Di,False,0.0798,0.8881,0.8083,0.0679,0.7547,0.9923,True,0.8083
cluster424_A0A1Q6E5Z9,A0A1Q6E5Z9,dev,asparagine,Tri,False,0.0737,0.8751,0.8014,0.0679,0.7547,0.9916,True,0.8014
cluster54_A0A069S9I0,A0A069S9I0,test,gaba,Di,False,0.0278,0.8732,0.8454,0.0264,0.7547,0.9923,True,0.8453999999999999
Moorena_SIO4A1_A0A6B3MYR8,A0A6B3MYR8,dev,gaba,Di,False,0.0686,0.8652,0.7966,0.0679,0.7547,0.9903,True,0.7966
cluster111_B5D243,B5D243,dev,gaba,Mono,False,0.0086,0.8533,0.8447,0.0169,0.7547,0.9901,True,0.8446999999999999
cluster18_A6LC91,A6LC91,dev,asparagine,Tri,False,0.0764,0.8513,0.7749,0.0679,0.7547,0.9815,True,0.7748999999999999
cluster18_A6LC91,A6LC91,dev,dopamine,Tri,False,0.0488,0.8374,0.7886,0.0679,0.7547,0.9815,True,0.7886000000000001
cluster18_A6LC91,A6LC91,dev,gaba,Mono,False,0.009,0.8331,0.8241,0.0179,0.7547,0.9815,True,0.8240999999999999
cluster54_A0A069S9I0,A0A069S9I0,test,asparagine,Tri,False,0.0806,0.8328,0.7522,0.0679,0.7547,0.9923,True,0.7522
cluster18_A6LC91,A6LC91,dev,alanine,Di,False,0.0237,0.8158,0.7921,0.0264,0.7547,0.9815,True,0.7921
Moorena_SIO4A1_A0A6B3MYR8,A0A6B3MYR8,dev,phenylalanine,Tri,False,0.1063,0.8129,0.7066,0.0758,0.7547,0.9903,True,0.7065999999999999
Moorena_SIO4A1_A0A6B3MYR8,A0A6B3MYR8,dev,alanine,Di,False,0.0413,0.8053,0.764,0.046,0.7547,0.9903,True,0.764
cluster111_B5D243,B5D243,dev,2_aminophenol,Di,False,0.0389,0.7958,0.7569,0.046,0.7547,0.9901,True,0.7568999999999999
cluster54_A0A069S9I0,A0A069S9I0,test,alanine,Di,False,0.0629,0.7924,0.7295,0.0679,0.7463,0.9923,True,0.7295
cluster5_A7A5K1,A7A5K1,test,phenylalanine,Tri,False,0.0763,0.7911,0.7148,0.0679,0.7234,0.9837,True,0.7148
Moorena_SIO4A1_A0A6B3MYR8,A0A6B3MYR8,dev,asparagine,Tri,False,0.108,0.7732,0.6652,0.0758,0.7234,0.9903,True,0.6652
cluster424_A0A1Q6E5Z9,A0A1Q6E5Z9,dev,gaba,Mono,False,0.0095,0.756,0.7465,0.0179,0.7234,0.9916,True,0.7465
cluster5_A7A5K1,A7A5K1,test,gaba,Tri,False,0.0293,0.7544,0.7251,0.0264,0.7234,0.9837,True,0.7251
cluster424_A0A1Q6E5Z9,A0A1Q6E5Z9,dev,dopamine,Tri,False,0.0478,0.7407,0.6929,0.0679,0.7234,0.9916,True,0.6929000000000001
cluster54_A0A069S9I0,A0A069S9I0,test,dopamine,Tri,False,0.0631,0.7271,0.664,0.0679,0.7234,0.9923,True,0.6639999999999999
Moorena_SIO4A1_A0A6B3MYR8,A0A6B3MYR8,dev,dopamine,Tri,False,0.0743,0.7205,0.6462,0.0679,0.7233,0.9903,True,0.6462
cluster5_A7A5K1,A7A5K1,test,asparagine,Tri,False,0.0886,0.7136,0.625,0.0758,0.6364,0.9837,True,0.625
cluster111_B5D243,B5D243,dev,alanine,Mono,False,0.0082,0.7068,0.6986,0.0167,0.6364,0.9901,True,0.6986
Moorena_SIO4A1_A0A6B3MYR8,A0A6B3MYR8,dev,phenylalanine,Di,False,0.0645,0.6941,0.6296,0.0679,0.6364,0.9903,True,0.6296
cluster54_A0A069S9I0,A0A069S9I0,test,gaba,Mono,False,0.012,0.6938,0.6818,0.0264,0.6364,0.9923,True,0.6818
cluster18_A6LC91,A6LC91,dev,2_aminophenol,Tri,False,0.0098,0.6741,0.6643,0.0179,0.5862,0.9815,True,0.6643
cluster21_A0A0P0FKS2,A0A0P0FKS2,dev,phenylalanine,Tri,False,0.1522,0.667,0.5148,0.1192,0.5862,0.9894,True,0.5148
cluster21_A0A0P0FKS2,A0A0P0FKS2,dev,alanine,Di,False,0.0873,0.6627,0.5754,0.0758,0.5862,0.9894,True,0.5753999999999999
cluster5_A7A5K1,A7A5K1,test,dopamine,Tri,False,0.0387,0.6624,0.6237,0.046,0.5862,0.9837,True,0.6237
cluster838_A0A3D3YKZ5,A0A3D3YKZ5,dev,alanine,Di,False,0.0674,0.6425,0.5751,0.0679,0.5862,0.9891,True,0.5751
cluster424_A0A1Q6E5Z9,A0A1Q6E5Z9,dev,2_aminophenol,Tri,False,0.0143,0.6417,0.6274,0.0264,0.5862,0.9916,True,0.6274000000000001
cluster5_A7A5K1,A7A5K1,test,alanine,Di,False,0.0357,0.6364,0.6007,0.046,0.5862,0.9837,True,0.6007
Moorena_SIO4A1_A0A6B3MYR8,A0A6B3MYR8,dev,gaba,Mono,False,0.025,0.6343,0.6093,0.0264,0.5862,0.9903,True,0.6093
cluster21_A0A0P0FKS2,A0A0P0FKS2,dev,dopamine,Tri,False,0.0913,0.6228,0.5315,0.0758,0.5862,0.9894,True,0.5315
cluster838_A0A3D3YKZ5,A0A3D3YKZ5,dev,asparagine,Tri,False,0.0992,0.618,0.5188,0.0758,0.5862,0.9891,True,0.5188
cluster21_A0A0P0FKS2,A0A0P0FKS2,dev,asparagine,Tri,False,0.1529,0.6131,0.4602,0.1192,0.5753,0.9894,True,0.46019999999999994
cluster5_A7A5K1,A7A5K1,test,gaba,Di,False,0.0199,0.5924,0.5725,0.0264,0.566,0.9837,True,0.5725
cluster111_B5D243,B5D243,dev,"2,3_diaminopropionic acid",Tri,False,0.0075,0.5893,0.5818,0.0167,0.566,0.9901,True,0.5818000000000001
cluster5_A7A5K1,A7A5K1,test,phenylalanine,Di,False,0.0375,0.5821,0.5446,0.046,0.566,0.9837,True,0.5446
cluster424_A0A1Q6E5Z9,A0A1Q6E5Z9,dev,alanine,Mono,False,0.0044,0.5585,0.5541,0.0096,0.4048,0.9916,True,0.5541
cluster54_A0A069S9I0,A0A069S9I0,test,2_aminophenol,Tri,False,0.0223,0.5525,0.5302,0.0264,0.4048,0.9923,True,0.5302
cluster18_A6LC91,A6LC91,dev,2_aminophenol,Di,False,0.0087,0.5462,0.5375,0.0179,0.4048,0.9815,True,0.5375
cluster838_A0A3D3YKZ5,A0A3D3YKZ5,dev,phenylalanine,Tri,False,0.1185,0.5428,0.4243,0.0758,0.4048,0.9891,True,0.42429999999999995
cluster5_A7A5K1,A7A5K1,test,2_aminophenol,Tri,False,0.0149,0.5403,0.5254,0.0264,0.4048,0.9837,True,0.5254
