amine,core,leaving_group,parent,reaction,balanced
"2,3_diaminopropionic acid",Mono,glycine,GLCA,C[C@H](CCC(=O)NCC(=O)O)[C@H]1CC[C@H]2[C@@H]3CCC4C[C@H](O)CC[C@]4(C)[C@H]3CC[C@]12C.NC(CN)C(=O)O>>C[C@H](CCC(=O)NC(CN)C(=O)O)[C@H]1CC[C@H]2[C@@H]3CC[C@@H]4C[C@H](O)CC[C@]4(C)[C@H]3CC[C@]12C.NCC(=O)O,True
"2,3_diaminopropionic acid",Mono,taurine,TLCA,C[C@H](CCC(=O)NCCS(=O)(=O)O)[C@H]1CC[C@H]2[C@@H]3CC[C@@H]4C[C@H](O)CC[C@]4(C)[C@H]3CC[C@]12C.NC(CN)C(=O)O>>C[C@H](CCC(=O)NC(CN)C(=O)O)[C@H]1CC[C@H]2[C@@H]3CC[C@@H]4C[C@H](O)CC[C@]4(C)[C@H]3CC[C@]12C.NCCS(=O)(=O)O,True
"2,3_diaminopropionic acid",Di,glycine,GDCA,C[C@H](CCC(=O)NCC(=O)O)[C@H]1CC[C@H]2[C@@H]3CCC4C[C@H](O)CC[C@]4(C)[C@H]3C[C@H](O)[C@]12C.NC(CN)C(=O)O>>C[C@H](CCC(=O)NC(CN)C(=O)O)[C@H]1CC[C@H]2[C@@H]3CCC4C[C@H](O)CC[C@]4(C)[C@H]3C[C@H](O)[C@]12C.NCC(=O)O,True
"2,3_diaminopropionic acid",Di,taurine,TDCA,C[C@H](CCC(=O)NCCS(=O)(=O)O)[C@H]1CC[C@H]2[C@@H]3CCC4C[C@H](O)CC[C@]4(C)[C@H]3C[C@H](O)[C@]12C.NC(CN)C(=O)O>>C[C@H](CCC(=O)NC(CN)C(=O)O)[C@H]1CC[C@H]2[C@@H]3CCC4C[C@H](O)CC[C@]4(C)[C@H]3C[C@H](O)[C@]12C.NCCS(=O)(=O)O,True
"2,3_diaminopropionic acid",Tri,glycine,GCA,C[C@H](CCC(=O)NCC(=O)O)[C@H]1CC[C@H]2[C@@H]3[C@H](O)CC4C[C@H](O)CC[C@]4(C)[C@H]3C[C@H](O)[C@]12C.NC(CN)C(=O)O>>C[C@H](CCC(=O)NC(CN)C(=O)O)[C@H]1CC[C@H]2[C@@H]3[C@H](O)CC4C[C@H](O)CC[C@]4(C)[C@H]3C[C@H](O)[C@]12C.NCC(=O)O,True
"2,3_diaminopropionic acid",Tri,taurine,TCA,C[C@H](CCC(=O)NCCS(=O)(=O)O)[C@H]1CC[C@H]2[C@@H]3[C@H](O)CC4C[C@H](O)CC[C@]4(C)[C@H]3C[C@H](O)[C@]12C.NC(CN)C(=O)O>>C[C@H](CCC(=O)NC(CN)C(=O)O)[C@H]1CC[C@H]2[C@@H]3[C@H](O)CC4C[C@H](O)CC[C@]4(C)[C@H]3C[C@H](O)[C@]12C.NCCS(=O)(=O)O,True
3_methoxytyramine,Mono,glycine,GLCA,C[C@H](CCC(=O)NCC(=O)O)[C@H]1CC[C@H]2[C@@H]3CCC4C[C@H](O)CC[C@]4(C)[C@H]3CC[C@]12C.COC1=C(C=CC(=C1)CCN)O>>COc1cc(CCNC(=O)CC[C@@H](C)[C@H]2CC[C@H]3[C@@H]4CC[C@@H]5C[C@H](O)CC[C@]5(C)[C@H]4CC[C@]23C)ccc1O.NCC(=O)O,True
3_methoxytyramine,Mono,taurine,TLCA,C[C@H](CCC(=O)NCCS(=O)(=O)O)[C@H]1CC[C@H]2[C@@H]3CC[C@@H]4C[C@H](O)CC[C@]4(C)[C@H]3CC[C@]12C.COC1=C(C=CC(=C1)CCN)O>>COc1cc(CCNC(=O)CC[C@@H](C)[C@H]2CC[C@H]3[C@@H]4CC[C@@H]5C[C@H](O)CC[C@]5(C)[C@H]4CC[C@]23C)ccc1O.NCCS(=O)(=O)O,True
3_methoxytyramine,Di,glycine,GDCA,C[C@H](CCC(=O)NCC(=O)O)[C@H]1CC[C@H]2[C@@H]3CCC4C[C@H](O)CC[C@]4(C)[C@H]3C[C@H](O)[C@]12C.COC1=C(C=CC(=C1)CCN)O>>COc1cc(CCNC(=O)CC[C@@H](C)[C@H]2CC[C@H]3[C@@H]4CCC5C[C@H](O)CC[C@]5(C)[C@H]4C[C@H](O)[C@]23C)ccc1O.NCC(=O)O,True
3_methoxytyramine,Di,taurine,TDCA,C[C@H](CCC(=O)NCCS(=O)(=O)O)[C@H]1CC[C@H]2[C@@H]3CCC4C[C@H](O)CC[C@]4(C)[C@H]3C[C@H](O)[C@]12C.COC1=C(C=CC(=C1)CCN)O>>COc1cc(CCNC(=O)CC[C@@H](C)[C@H]2CC[C@H]3[C@@H]4CCC5C[C@H](O)CC[C@]5(C)[C@H]4C[C@H](O)[C@]23C)ccc1O.NCCS(=O)(=O)O,True
3_methoxytyramine,Tri,glycine,GCA,C[C@H](CCC(=O)NCC(=O)O)[C@H]1CC[C@H]2[C@@H]3[C@H](O)CC4C[C@H](O)CC[C@]4(C)[C@H]3C[C@H](O)[C@]12C.COC1=C(C=CC(=C1)CCN)O>>COc1cc(CCNC(=O)CC[C@@H](C)[C@H]2CC[C@H]3[C@@H]4[C@H](O)CC5C[C@H](O)CC[C@]5(C)[C@H]4C[C@H](O)[C@]23C)ccc1O.NCC(=O)O,True
3_methoxytyramine,Tri,taurine,TCA,C[C@H](CCC(=O)NCCS(=O)(=O)O)[C@H]1CC[C@H]2[C@@H]3[C@H](O)CC4C[C@H](O)CC[C@]4(C)[C@H]3C[C@H](O)[C@]12C.COC1=C(C=CC(=C1)CCN)O>>COc1cc(CCNC(=O)CC[C@@H](C)[C@H]2CC[C@H]3[C@@H]4[C@H](O)CC5C[C@H](O)CC[C@]5(C)[C@H]4C[C@H](O)[C@]23C)ccc1O.NCCS(=O)(=O)O,True
asparagine,Mono,glycine,GLCA,C[C@H](CCC(=O)NCC(=O)O)[C@H]1CC[C@H]2[C@@H]3CCC4C[C@H](O)CC[C@]4(C)[C@H]3CC[C@]12C.C([C@@H](C(=O)O)N)C(=O)N>>C[C@H](CCC(=O)N[C@@H](CC(N)=O)C(=O)O)[C@H]1CC[C@H]2[C@@H]3CC[C@@H]4C[C@H](O)CC[C@]4(C)[C@H]3CC[C@]12C.NCC(=O)O,True
asparagine,Mono,taurine,TLCA,C[C@H](CCC(=O)NCCS(=O)(=O)O)[C@H]1CC[C@H]2[C@@H]3CC[C@@H]4C[C@H](O)CC[C@]4(C)[C@H]3CC[C@]12C.C([C@@H](C(=O)O)N)C(=O)N>>C[C@H](CCC(=O)N[C@@H](CC(N)=O)C(=O)O)[C@H]1CC[C@H]2[C@@H]3CC[C@@H]4C[C@H](O)CC[C@]4(C)[C@H]3CC[C@]12C.NCCS(=O)(=O)O,True
asparagine,Di,glycine,GDCA,C[C@H](CCC(=O)NCC(=O)O)[C@H]1CC[C@H]2[C@@H]3CCC4C[C@H](O)CC[C@]4(C)[C@H]3C[C@H](O)[C@]12C.C([C@@H](C(=O)O)N)C(=O)N>>C[C@H](CCC(=O)N[C@@H](CC(N)=O)C(=O)O)[C@H]1CC[C@H]2[C@@H]3CCC4C[C@H](O)CC[C@]4(C)[C@H]3C[C@H](O)[C@]12C.NCC(=O)O,True
asparagine,Di,taurine,TDCA,C[C@H](CCC(=O)NCCS(=O)(=O)O)[C@H]1CC[C@H]2[C@@H]3CCC4C[C@H](O)CC[C@]4(C)[C@H]3C[C@H](O)[C@]12C.C([C@@H](C(=O)O)N)C(=O)N>>C[C@H](CCC(=O)N[C@@H](CC(N)=O)C(=O)O)[C@H]1CC[C@H]2[C@@H]3CCC4C[C@H](O)CC[C@]4(C)[C@H]3C[C@H](O)[C@]12C.NCCS(=O)(=O)O,True
asparagine,Tri,glycine,GCA,C[C@H](CCC(=O)NCC(=O)O)[C@H]1CC[C@H]2[C@@H]3[C@H](O)CC4C[C@H](O)CC[C@]4(C)[C@H]3C[C@H](O)[C@]12C.C([C@@H](C(=O)O)N)C(=O)N>>C[C@H](CCC(=O)N[C@@H](CC(N)=O)C(=O)O)[C@H]1CC[C@H]2[C@@H]3[C@H](O)CC4C[C@H](O)CC[C@]4(C)[C@H]3C[C@H](O)[C@]12C.NCC(=O)O,True
asparagine,Tri,taurine,TCA,C[C@H](CCC(=O)NCCS(=O)(=O)O)[C@H]1CC[C@H]2[C@@H]3[C@H](O)CC4C[C@H](O)CC[C@]4(C)[C@H]3C[C@H](O)[C@]12C.C([C@@H](C(=O)O)N)C(=O)N>>C[C@H](CCC(=O)N[C@@H](CC(N)=O)C(=O)O)[C@H]1CC[C@H]2[C@@H]3[C@H](O)CC4C[C@H](O)CC[C@]4(C)[C@H]3C[C@H](O)[C@]12C.NCCS(=O)(=O)O,True
proline,Mono,glycine,GLCA,C[C@H](CCC(=O)NCC(=O)O)[C@H]1CC[C@H]2[C@@H]3CCC4C[C@H](O)CC[C@]4(C)[C@H]3CC[C@]12C.C1CC(NC1)C(=O)O>>C[C@H](CCC(=O)N1CCCC1C(=O)O)[C@H]1CC[C@H]2[C@@H]3CC[C@@H]4C[C@H](O)CC[C@]4(C)[C@H]3CC[C@]12C.NCC(=O)O,True
proline,Mono,taurine,TLCA,C[C@H](CCC(=O)NCCS(=O)(=O)O)[C@H]1CC[C@H]2[C@@H]3CC[C@@H]4C[C@H](O)CC[C@]4(C)[C@H]3CC[C@]12C.C1CC(NC1)C(=O)O>>C[C@H](CCC(=O)N1CCCC1C(=O)O)[C@H]1CC[C@H]2[C@@H]3CC[C@@H]4C[C@H](O)CC[C@]4(C)[C@H]3CC[C@]12C.NCCS(=O)(=O)O,True
proline,Di,glycine,GDCA,C[C@H](CCC(=O)NCC(=O)O)[C@H]1CC[C@H]2[C@@H]3CCC4C[C@H](O)CC[C@]4(C)[C@H]3C[C@H](O)[C@]12C.C1CC(NC1)C(=O)O>>C[C@H](CCC(=O)N1CCCC1C(=O)O)[C@H]1CC[C@H]2[C@@H]3CCC4C[C@H](O)CC[C@]4(C)[C@H]3C[C@H](O)[C@]12C.NCC(=O)O,True
proline,Di,taurine,TDCA,C[C@H](CCC(=O)NCCS(=O)(=O)O)[C@H]1CC[C@H]2[C@@H]3CCC4C[C@H](O)CC[C@]4(C)[C@H]3C[C@H](O)[C@]12C.C1CC(NC1)C(=O)O>>C[C@H](CCC(=O)N1CCCC1C(=O)O)[C@H]1CC[C@H]2[C@@H]3CCC4C[C@H](O)CC[C@]4(C)[C@H]3C[C@H](O)[C@]12C.NCCS(=O)(=O)O,True
proline,Tri,glycine,GCA,C[C@H](CCC(=O)NCC(=O)O)[C@H]1CC[C@H]2[C@@H]3[C@H](O)CC4C[C@H](O)CC[C@]4(C)[C@H]3C[C@H](O)[C@]12C.C1CC(NC1)C(=O)O>>C[C@H](CCC(=O)N1CCCC1C(=O)O)[C@H]1CC[C@H]2[C@@H]3[C@H](O)CC4C[C@H](O)CC[C@]4(C)[C@H]3C[C@H](O)[C@]12C.NCC(=O)O,True
proline,Tri,taurine,TCA,C[C@H](CCC(=O)NCCS(=O)(=O)O)[C@H]1CC[C@H]2[C@@H]3[C@H](O)CC4C[C@H](O)CC[C@]4(C)[C@H]3C[C@H](O)[C@]12C.C1CC(NC1)C(=O)O>>C[C@H](CCC(=O)N1CCCC1C(=O)O)[C@H]1CC[C@H]2[C@@H]3[C@H](O)CC4C[C@H](O)CC[C@]4(C)[C@H]3C[C@H](O)[C@]12C.NCCS(=O)(=O)O,True
dopamine,Mono,glycine,GLCA,C[C@H](CCC(=O)NCC(=O)O)[C@H]1CC[C@H]2[C@@H]3CCC4C[C@H](O)CC[C@]4(C)[C@H]3CC[C@]12C.C1=CC(=C(C=C1CCN)O)O>>C[C@H](CCC(=O)NCCc1ccc(O)c(O)c1)[C@H]1CC[C@H]2[C@@H]3CC[C@@H]4C[C@H](O)CC[C@]4(C)[C@H]3CC[C@]12C.NCC(=O)O,True
dopamine,Mono,taurine,TLCA,C[C@H](CCC(=O)NCCS(=O)(=O)O)[C@H]1CC[C@H]2[C@@H]3CC[C@@H]4C[C@H](O)CC[C@]4(C)[C@H]3CC[C@]12C.C1=CC(=C(C=C1CCN)O)O>>C[C@H](CCC(=O)NCCc1ccc(O)c(O)c1)[C@H]1CC[C@H]2[C@@H]3CC[C@@H]4C[C@H](O)CC[C@]4(C)[C@H]3CC[C@]12C.NCCS(=O)(=O)O,True
dopamine,Di,glycine,GDCA,C[C@H](CCC(=O)NCC(=O)O)[C@H]1CC[C@H]2[C@@H]3CCC4C[C@H](O)CC[C@]4(C)[C@H]3C[C@H](O)[C@]12C.C1=CC(=C(C=C1CCN)O)O>>C[C@H](CCC(=O)NCCc1ccc(O)c(O)c1)[C@H]1CC[C@H]2[C@@H]3CCC4C[C@H](O)CC[C@]4(C)[C@H]3C[C@H](O)[C@]12C.NCC(=O)O,True
dopamine,Di,taurine,TDCA,C[C@H](CCC(=O)NCCS(=O)(=O)O)[C@H]1CC[C@H]2[C@@H]3CCC4C[C@H](O)CC[C@]4(C)[C@H]3C[C@H](O)[C@]12C.C1=CC(=C(C=C1CCN)O)O>>C[C@H](CCC(=O)NCCc1ccc(O)c(O)c1)[C@H]1CC[C@H]2[C@@H]3CCC4C[C@H](O)CC[C@]4(C)[C@H]3C[C@H](O)[C@]12C.NCCS(=O)(=O)O,True
dopamine,Tri,glycine,GCA,C[C@H](CCC(=O)NCC(=O)O)[C@H]1CC[C@H]2[C@@H]3[C@H](O)CC4C[C@H](O)CC[C@]4(C)[C@H]3C[C@H](O)[C@]12C.C1=CC(=C(C=C1CCN)O)O>>C[C@H](CCC(=O)NCCc1ccc(O)c(O)c1)[C@H]1CC[C@H]2[C@@H]3[C@H](O)CC4C[C@H](O)CC[C@]4(C)[C@H]3C[C@H](O)[C@]12C.NCC(=O)O,True
dopamine,Tri,taurine,TCA,C[C@H](CCC(=O)NCCS(=O)(=O)O)[C@H]1CC[C@H]2[C@@H]3[C@H](O)CC4C[C@H](O)CC[C@]4(C)[C@H]3C[C@H](O)[C@]12C.C1=CC(=C(C=C1CCN)O)O>>C[C@H](CCC(=O)NCCc1ccc(O)c(O)c1)[C@H]1CC[C@H]2[C@@H]3[C@H](O)CC4C[C@H](O)CC[C@]4(C)[C@H]3C[C@H](O)[C@]12C.NCCS(=O)(=O)O,True
gaba,Mono,glycine,GLCA,C[C@H](CCC(=O)NCC(=O)O)[C@H]1CC[C@H]2[C@@H]3CCC4C[C@H](O)CC[C@]4(C)[C@H]3CC[C@]12C.O=C(O)CCCN>>C[C@H](CCC(=O)NCCCC(=O)O)[C@H]1CC[C@H]2[C@@H]3CC[C@@H]4C[C@H](O)CC[C@]4(C)[C@H]3CC[C@]12C.NCC(=O)O,True
gaba,Mono,taurine,TLCA,C[C@H](CCC(=O)NCCS(=O)(=O)O)[C@H]1CC[C@H]2[C@@H]3CC[C@@H]4C[C@H](O)CC[C@]4(C)[C@H]3CC[C@]12C.O=C(O)CCCN>>C[C@H](CCC(=O)NCCCC(=O)O)[C@H]1CC[C@H]2[C@@H]3CC[C@@H]4C[C@H](O)CC[C@]4(C)[C@H]3CC[C@]12C.NCCS(=O)(=O)O,True
gaba,Di,glycine,GDCA,C[C@H](CCC(=O)NCC(=O)O)[C@H]1CC[C@H]2[C@@H]3CCC4C[C@H](O)CC[C@]4(C)[C@H]3C[C@H](O)[C@]12C.O=C(O)CCCN>>C[C@H](CCC(=O)NCCCC(=O)O)[C@H]1CC[C@H]2[C@@H]3CCC4C[C@H](O)CC[C@]4(C)[C@H]3C[C@H](O)[C@]12C.NCC(=O)O,True
gaba,Di,taurine,TDCA,C[C@H](CCC(=O)NCCS(=O)(=O)O)[C@H]1CC[C@H]2[C@@H]3CCC4C[C@H](O)CC[C@]4(C)[C@H]3C[C@H](O)[C@]12C.O=C(O)CCCN>>C[C@H](CCC(=O)NCCCC(=O)O)[C@H]1CC[C@H]2[C@@H]3CCC4C[C@H](O)CC[C@]4(C)[C@H]3C[C@H](O)[C@]12C.NCCS(=O)(=O)O,True
gaba,Tri,glycine,GCA,C[C@H](CCC(=O)NCC(=O)O)[C@H]1CC[C@H]2[C@@H]3[C@H](O)CC4C[C@H](O)CC[C@]4(C)[C@H]3C[C@H](O)[C@]12C.O=C(O)CCCN>>C[C@H](CCC(=O)NCCCC(=O)O)[C@H]1CC[C@H]2[C@@H]3[C@H](O)CC4C[C@H](O)CC[C@]4(C)[C@H]3C[C@H](O)[C@]12C.NCC(=O)O,True
gaba,Tri,taurine,TCA,C[C@H](CCC(=O)NCCS(=O)(=O)O)[C@H]1CC[C@H]2[C@@H]3[C@H](O)CC4C[C@H](O)CC[C@]4(C)[C@H]3C[C@H](O)[C@]12C.O=C(O)CCCN>>C[C@H](CCC(=O)NCCCC(=O)O)[C@H]1CC[C@H]2[C@@H]3[C@H](O)CC4C[C@H](O)CC[C@]4(C)[C@H]3C[C@H](O)[C@]12C.NCCS(=O)(=O)O,True
glyglycine,Mono,glycine,GLCA,C[C@H](CCC(=O)NCC(=O)O)[C@H]1CC[C@H]2[C@@H]3CCC4C[C@H](O)CC[C@]4(C)[C@H]3CC[C@]12C.CC(C)[C@@H](C(=O)O)NC(=O)CN>>CC(C)[C@H](NC(=O)CNC(=O)CC[C@@H](C)[C@H]1CC[C@H]2[C@@H]3CC[C@@H]4C[C@H](O)CC[C@]4(C)[C@H]3CC[C@]12C)C(=O)O.NCC(=O)O,True
glyglycine,Mono,taurine,TLCA,C[C@H](CCC(=O)NCCS(=O)(=O)O)[C@H]1CC[C@H]2[C@@H]3CC[C@@H]4C[C@H](O)CC[C@]4(C)[C@H]3CC[C@]12C.CC(C)[C@@H](C(=O)O)NC(=O)CN>>CC(C)[C@H](NC(=O)CNC(=O)CC[C@@H](C)[C@H]1CC[C@H]2[C@@H]3CC[C@@H]4C[C@H](O)CC[C@]4(C)[C@H]3CC[C@]12C)C(=O)O.NCCS(=O)(=O)O,True
glyglycine,Di,glycine,GDCA,C[C@H](CCC(=O)NCC(=O)O)[C@H]1CC[C@H]2[C@@H]3CCC4C[C@H](O)CC[C@]4(C)[C@H]3C[C@H](O)[C@]12C.CC(C)[C@@H](C(=O)O)NC(=O)CN>>CC(C)[C@H](NC(=O)CNC(=O)CC[C@@H](C)[C@H]1CC[C@H]2[C@@H]3CCC4C[C@H](O)CC[C@]4(C)[C@H]3C[C@H](O)[C@]12C)C(=O)O.NCC(=O)O,True
glyglycine,Di,taurine,TDCA,C[C@H](CCC(=O)NCCS(=O)(=O)O)[C@H]1CC[C@H]2[C@@H]3CCC4C[C@H](O)CC[C@]4(C)[C@H]3C[C@H](O)[C@]12C.CC(C)[C@@H](C(=O)O)NC(=O)CN>>CC(C)[C@H](NC(=O)CNC(=O)CC[C@@H](C)[C@H]1CC[C@H]2[C@@H]3CCC4C[C@H](O)CC[C@]4(C)[C@H]3C[C@H](O)[C@]12C)C(=O)O.NCCS(=O)(=O)O,True
glyglycine,Tri,glycine,GCA,C[C@H](CCC(=O)NCC(=O)O)[C@H]1CC[C@H]2[C@@H]3[C@H](O)CC4C[C@H](O)CC[C@]4(C)[C@H]3C[C@H](O)[C@]12C.CC(C)[C@@H](C(=O)O)NC(=O)CN>>CC(C)[C@H](NC(=O)CNC(=O)CC[C@@H](C)[C@H]1CC[C@H]2[C@@H]3[C@H](O)CC4C[C@H](O)CC[C@]4(C)[C@H]3C[C@H](O)[C@]12C)C(=O)O.NCC(=O)O,True
glyglycine,Tri,taurine,TCA,C[C@H](CCC(=O)NCCS(=O)(=O)O)[C@H]1CC[C@H]2[C@@H]3[C@H](O)CC4C[C@H](O)CC[C@]4(C)[C@H]3C[C@H](O)[C@]12C.CC(C)[C@@H](C(=O)O)NC(=O)CN>>CC(C)[C@H](NC(=O)CNC(=O)CC[C@@H](C)[C@H]1CC[C@H]2[C@@H]3[C@H](O)CC4C[C@H](O)CC[C@]4(C)[C@H]3C[C@H](O)[C@]12C)C(=O)O.NCCS(=O)(=O)O,True
alanine,Mono,glycine,GLCA,C[C@H](CCC(=O)NCC(=O)O)[C@H]1CC[C@H]2[C@@H]3CCC4C[C@H](O)CC[C@]4(C)[C@H]3CC[C@]12C.C[C@@H](C(=O)O)N>>C[C@H](NC(=O)CC[C@@H](C)[C@H]1CC[C@H]2[C@@H]3CC[C@@H]4C[C@H](O)CC[C@]4(C)[C@H]3CC[C@]12C)C(=O)O.NCC(=O)O,True
alanine,Mono,taurine,TLCA,C[C@H](CCC(=O)NCCS(=O)(=O)O)[C@H]1CC[C@H]2[C@@H]3CC[C@@H]4C[C@H](O)CC[C@]4(C)[C@H]3CC[C@]12C.C[C@@H](C(=O)O)N>>C[C@H](NC(=O)CC[C@@H](C)[C@H]1CC[C@H]2[C@@H]3CC[C@@H]4C[C@H](O)CC[C@]4(C)[C@H]3CC[C@]12C)C(=O)O.NCCS(=O)(=O)O,True
alanine,Di,glycine,GDCA,C[C@H](CCC(=O)NCC(=O)O)[C@H]1CC[C@H]2[C@@H]3CCC4C[C@H](O)CC[C@]4(C)[C@H]3C[C@H](O)[C@]12C.C[C@@H](C(=O)O)N>>C[C@H](NC(=O)CC[C@@H](C)[C@H]1CC[C@H]2[C@@H]3CCC4C[C@H](O)CC[C@]4(C)[C@H]3C[C@H](O)[C@]12C)C(=O)O.NCC(=O)O,True
alanine,Di,taurine,TDCA,C[C@H](CCC(=O)NCCS(=O)(=O)O)[C@H]1CC[C@H]2[C@@H]3CCC4C[C@H](O)CC[C@]4(C)[C@H]3C[C@H](O)[C@]12C.C[C@@H](C(=O)O)N>>C[C@H](NC(=O)CC[C@@H](C)[C@H]1CC[C@H]2[C@@H]3CCC4C[C@H](O)CC[C@]4(C)[C@H]3C[C@H](O)[C@]12C)C(=O)O.NCCS(=O)(=O)O,True
alanine,Tri,glycine,GCA,C[C@H](CCC(=O)NCC(=O)O)[C@H]1CC[C@H]2[C@@H]3[C@H](O)CC4C[C@H](O)CC[C@]4(C)[C@H]3C[C@H](O)[C@]12C.C[C@@H](C(=O)O)N>>C[C@H](NC(=O)CC[C@@H](C)[C@H]1CC[C@H]2[C@@H]3[C@H](O)CC4C[C@H](O)CC[C@]4(C)[C@H]3C[C@H](O)[C@]12C)C(=O)O.NCC(=O)O,True
alanine,Tri,taurine,TCA,C[C@H](CCC(=O)NCCS(=O)(=O)O)[C@H]1CC[C@H]2[C@@H]3[C@H](O)CC4C[C@H](O)CC[C@]4(C)[C@H]3C[C@H](O)[C@]12C.C[C@@H](C(=O)O)N>>C[C@H](NC(=O)CC[C@@H](C)[C@H]1CC[C@H]2[C@@H]3[C@H](O)CC4C[C@H](O)CC[C@]4(C)[C@H]3C[C@H](O)[C@]12C)C(=O)O.NCCS(=O)(=O)O,True
arginine,Mono,glycine,GLCA,C[C@H](CCC(=O)NCC(=O)O)[C@H]1CC[C@H]2[C@@H]3CCC4C[C@H](O)CC[C@]4(C)[C@H]3CC[C@]12C.C(C[C@@H](C(=O)O)N)CN=C(N)N>>C[C@H](CCC(=O)NC(N)=NCCC[C@H](N)C(=O)O)[C@H]1CC[C@H]2[C@@H]3CC[C@@H]4C[C@H](O)CC[C@]4(C)[C@H]3CC[C@]12C.NCC(=O)O,True
arginine,Mono,taurine,TLCA,C[C@H](CCC(=O)NCCS(=O)(=O)O)[C@H]1CC[C@H]2[C@@H]3CC[C@@H]4C[C@H](O)CC[C@]4(C)[C@H]3CC[C@]12C.C(C[C@@H](C(=O)O)N)CN=C(N)N>>C[C@H](CCC(=O)NC(N)=NCCC[C@H](N)C(=O)O)[C@H]1CC[C@H]2[C@@H]3CC[C@@H]4C[C@H](O)CC[C@]4(C)[C@H]3CC[C@]12C.NCCS(=O)(=O)O,True
arginine,Di,glycine,GDCA,C[C@H](CCC(=O)NCC(=O)O)[C@H]1CC[C@H]2[C@@H]3CCC4C[C@H](O)CC[C@]4(C)[C@H]3C[C@H](O)[C@]12C.C(C[C@@H](C(=O)O)N)CN=C(N)N>>C[C@H](CCC(=O)NC(N)=NCCC[C@H](N)C(=O)O)[C@H]1CC[C@H]2[C@@H]3CCC4C[C@H](O)CC[C@]4(C)[C@H]3C[C@H](O)[C@]12C.NCC(=O)O,True
arginine,Di,taurine,TDCA,C[C@H](CCC(=O)NCCS(=O)(=O)O)[C@H]1CC[C@H]2[C@@H]3CCC4C[C@H](O)CC[C@]4(C)[C@H]3C[C@H](O)[C@]12C.C(C[C@@H](C(=O)O)N)CN=C(N)N>>C[C@H](CCC(=O)NC(N)=NCCC[C@H](N)C(=O)O)[C@H]1CC[C@H]2[C@@H]3CCC4C[C@H](O)CC[C@]4(C)[C@H]3C[C@H](O)[C@]12C.NCCS(=O)(=O)O,True
arginine,Tri,glycine,GCA,C[C@H](CCC(=O)NCC(=O)O)[C@H]1CC[C@H]2[C@@H]3[C@H](O)CC4C[C@H](O)CC[C@]4(C)[C@H]3C[C@H](O)[C@]12C.C(C[C@@H](C(=O)O)N)CN=C(N)N>>C[C@H](CCC(=O)NC(N)=NCCC[C@H](N)C(=O)O)[C@H]1CC[C@H]2[C@@H]3[C@H](O)CC4C[C@H](O)CC[C@]4(C)[C@H]3C[C@H](O)[C@]12C.NCC(=O)O,True
arginine,Tri,taurine,TCA,C[C@H](CCC(=O)NCCS(=O)(=O)O)[C@H]1CC[C@H]2[C@@H]3[C@H](O)CC4C[C@H](O)CC[C@]4(C)[C@H]3C[C@H](O)[C@]12C.C(C[C@@H](C(=O)O)N)CN=C(N)N>>C[C@H](CCC(=O)NC(N)=NCCC[C@H](N)C(=O)O)[C@H]1CC[C@H]2[C@@H]3[C@H](O)CC4C[C@H](O)CC[C@]4(C)[C@H]3C[C@H](O)[C@]12C.NCCS(=O)(=O)O,True
citrulline,Mono,glycine,GLCA,C[C@H](CCC(=O)NCC(=O)O)[C@H]1CC[C@H]2[C@@H]3CCC4C[C@H](O)CC[C@]4(C)[C@H]3CC[C@]12C.C(C[C@@H](C(=O)O)N)CNC(=O)N>>C[C@H](CCC(=O)N[C@@H](CCCNC(N)=O)C(=O)O)[C@H]1CC[C@H]2[C@@H]3CC[C@@H]4C[C@H](O)CC[C@]4(C)[C@H]3CC[C@]12C.NCC(=O)O,True
citrulline,Mono,taurine,TLCA,C[C@H](CCC(=O)NCCS(=O)(=O)O)[C@H]1CC[C@H]2[C@@H]3CC[C@@H]4C[C@H](O)CC[C@]4(C)[C@H]3CC[C@]12C.C(C[C@@H](C(=O)O)N)CNC(=O)N>>C[C@H](CCC(=O)N[C@@H](CCCNC(N)=O)C(=O)O)[C@H]1CC[C@H]2[C@@H]3CC[C@@H]4C[C@H](O)CC[C@]4(C)[C@H]3CC[C@]12C.NCCS(=O)(=O)O,True
citrulline,Di,glycine,GDCA,C[C@H](CCC(=O)NCC(=O)O)[C@H]1CC[C@H]2[C@@H]3CCC4C[C@H](O)CC[C@]4(C)[C@H]3C[C@H](O)[C@]12C.C(C[C@@H](C(=O)O)N)CNC(=O)N>>C[C@H](CCC(=O)N[C@@H](CCCNC(N)=O)C(=O)O)[C@H]1CC[C@H]2[C@@H]3CCC4C[C@H](O)CC[C@]4(C)[C@H]3C[C@H](O)[C@]12C.NCC(=O)O,True
citrulline,Di,taurine,TDCA,C[C@H](CCC(=O)NCCS(=O)(=O)O)[C@H]1CC[C@H]2[C@@H]3CCC4C[C@H](O)CC[C@]4(C)[C@H]3C[C@H](O)[C@]12C.C(C[C@@H](C(=O)O)N)CNC(=O)N>>C[C@H](CCC(=O)N[C@@H](CCCNC(N)=O)C(=O)O)[C@H]1CC[C@H]2[C@@H]3CCC4C[C@H](O)CC[C@]4(C)[C@H]3C[C@H](O)[C@]12C.NCCS(=O)(=O)O,True
citrulline,Tri,glycine,GCA,C[C@H](CCC(=O)NCC(=O)O)[C@H]1CC[C@H]2[C@@H]3[C@H](O)CC4C[C@H](O)CC[C@]4(C)[C@H]3C[C@H](O)[C@]12C.C(C[C@@H](C(=O)O)N)CNC(=O)N>>C[C@H](CCC(=O)N[C@@H](CCCNC(N)=O)C(=O)O)[C@H]1CC[C@H]2[C@@H]3[C@H](O)CC4C[C@H](O)CC[C@]4(C)[C@H]3C[C@H](O)[C@]12C.NCC(=O)O,True
citrulline,Tri,taurine,TCA,C[C@H](CCC(=O)NCCS(=O)(=O)O)[C@H]1CC[C@H]2[C@@H]3[C@H](O)CC4C[C@H](O)CC[C@]4(C)[C@H]3C[C@H](O)[C@]12C.C(C[C@@H](C(=O)O)N)CNC(=O)N>>C[C@H](CCC(=O)N[C@@H](CCCNC(N)=O)C(=O)O)[C@H]1CC[C@H]2[C@@H]3[C@H](O)CC4C[C@H](O)CC[C@]4(C)[C@H]3C[C@H](O)[C@]12C.NCCS(=O)(=O)O,True
glutamine,Mono,glycine,GLCA,C[C@H](CCC(=O)NCC(=O)O)[C@H]1CC[C@H]2[C@@H]3CCC4C[C@H](O)CC[C@]4(C)[C@H]3CC[C@]12C.C(CC(=O)N)[C@@H](C(=O)O)N>>C[C@H](CCC(=O)N[C@@H](CCC(N)=O)C(=O)O)[C@H]1CC[C@H]2[C@@H]3CC[C@@H]4C[C@H](O)CC[C@]4(C)[C@H]3CC[C@]12C.NCC(=O)O,True
glutamine,Mono,taurine,TLCA,C[C@H](CCC(=O)NCCS(=O)(=O)O)[C@H]1CC[C@H]2[C@@H]3CC[C@@H]4C[C@H](O)CC[C@]4(C)[C@H]3CC[C@]12C.C(CC(=O)N)[C@@H](C(=O)O)N>>C[C@H](CCC(=O)N[C@@H](CCC(N)=O)C(=O)O)[C@H]1CC[C@H]2[C@@H]3CC[C@@H]4C[C@H](O)CC[C@]4(C)[C@H]3CC[C@]12C.NCCS(=O)(=O)O,True
glutamine,Di,glycine,GDCA,C[C@H](CCC(=O)NCC(=O)O)[C@H]1CC[C@H]2[C@@H]3CCC4C[C@H](O)CC[C@]4(C)[C@H]3C[C@H](O)[C@]12C.C(CC(=O)N)[C@@H](C(=O)O)N>>C[C@H](CCC(=O)N[C@@H](CCC(N)=O)C(=O)O)[C@H]1CC[C@H]2[C@@H]3CCC4C[C@H](O)CC[C@]4(C)[C@H]3C[C@H](O)[C@]12C.NCC(=O)O,True
glutamine,Di,taurine,TDCA,C[C@H](CCC(=O)NCCS(=O)(=O)O)[C@H]1CC[C@H]2[C@@H]3CCC4C[C@H](O)CC[C@]4(C)[C@H]3C[C@H](O)[C@]12C.C(CC(=O)N)[C@@H](C(=O)O)N>>C[C@H](CCC(=O)N[C@@H](CCC(N)=O)C(=O)O)[C@H]1CC[C@H]2[C@@H]3CCC4C[C@H](O)CC[C@]4(C)[C@H]3C[C@H](O)[C@]12C.NCCS(=O)(=O)O,True
glutamine,Tri,glycine,GCA,C[C@H](CCC(=O)NCC(=O)O)[C@H]1CC[C@H]2[C@@H]3[C@H](O)CC4C[C@H](O)CC[C@]4(C)[C@H]3C[C@H](O)[C@]12C.C(CC(=O)N)[C@@H](C(=O)O)N>>C[C@H](CCC(=O)N[C@@H](CCC(N)=O)C(=O)O)[C@H]1CC[C@H]2[C@@H]3[C@H](O)CC4C[C@H](O)CC[C@]4(C)[C@H]3C[C@H](O)[C@]12C.NCC(=O)O,True
glutamine,Tri,taurine,TCA,C[C@H](CCC(=O)NCCS(=O)(=O)O)[C@H]1CC[C@H]2[C@@H]3[C@H](O)CC4C[C@H](O)CC[C@]4(C)[C@H]3C[C@H](O)[C@]12C.C(CC(=O)N)[C@@H](C(=O)O)N>>C[C@H](CCC(=O)N[C@@H](CCC(N)=O)C(=O)O)[C@H]1CC[C@H]2[C@@H]3[C@H](O)CC4C[C@H](O)CC[C@]4(C)[C@H]3C[C@H](O)[C@]12C.NCCS(=O)(=O)O,True
histidine,Mono,glycine,GLCA,C[C@H](CCC(=O)NCC(=O)O)[C@H]1CC[C@H]2[C@@H]3CCC4C[C@H](O)CC[C@]4(C)[C@H]3CC[C@]12C.C1=C(NC=N1)C[C@@H](C(=O)O)N>>C[C@H](CCC(=O)N[C@@H](Cc1cnc[nH]1)C(=O)O)[C@H]1CC[C@H]2[C@@H]3CC[C@@H]4C[C@H](O)CC[C@]4(C)[C@H]3CC[C@]12C.NCC(=O)O,True
histidine,Mono,taurine,TLCA,C[C@H](CCC(=O)NCCS(=O)(=O)O)[C@H]1CC[C@H]2[C@@H]3CC[C@@H]4C[C@H](O)CC[C@]4(C)[C@H]3CC[C@]12C.C1=C(NC=N1)C[C@@H](C(=O)O)N>>C[C@H](CCC(=O)N[C@@H](Cc1cnc[nH]1)C(=O)O)[C@H]1CC[C@H]2[C@@H]3CC[C@@H]4C[C@H](O)CC[C@]4(C)[C@H]3CC[C@]12C.NCCS(=O)(=O)O,True
histidine,Di,glycine,GDCA,C[C@H](CCC(=O)NCC(=O)O)[C@H]1CC[C@H]2[C@@H]3CCC4C[C@H](O)CC[C@]4(C)[C@H]3C[C@H](O)[C@]12C.C1=C(NC=N1)C[C@@H](C(=O)O)N>>C[C@H](CCC(=O)N[C@@H](Cc1cnc[nH]1)C(=O)O)[C@H]1CC[C@H]2[C@@H]3CCC4C[C@H](O)CC[C@]4(C)[C@H]3C[C@H](O)[C@]12C.NCC(=O)O,True
histidine,Di,taurine,TDCA,C[C@H](CCC(=O)NCCS(=O)(=O)O)[C@H]1CC[C@H]2[C@@H]3CCC4C[C@H](O)CC[C@]4(C)[C@H]3C[C@H](O)[C@]12C.C1=C(NC=N1)C[C@@H](C(=O)O)N>>C[C@H](CCC(=O)N[C@@H](Cc1cnc[nH]1)C(=O)O)[C@H]1CC[C@H]2[C@@H]3CCC4C[C@H](O)CC[C@]4(C)[C@H]3C[C@H](O)[C@]12C.NCCS(=O)(=O)O,True
histidine,Tri,glycine,GCA,C[C@H](CCC(=O)NCC(=O)O)[C@H]1CC[C@H]2[C@@H]3[C@H](O)CC4C[C@H](O)CC[C@]4(C)[C@H]3C[C@H](O)[C@]12C.C1=C(NC=N1)C[C@@H](C(=O)O)N>>C[C@H](CCC(=O)N[C@@H](Cc1cnc[nH]1)C(=O)O)[C@H]1CC[C@H]2[C@@H]3[C@H](O)CC4C[C@H](O)CC[C@]4(C)[C@H]3C[C@H](O)[C@]12C.NCC(=O)O,True
histidine,Tri,taurine,TCA,C[C@H](CCC(=O)NCCS(=O)(=O)O)[C@H]1CC[C@H]2[C@@H]3[C@H](O)CC4C[C@H](O)CC[C@]4(C)[C@H]3C[C@H](O)[C@]12C.C1=C(NC=N1)C[C@@H](C(=O)O)N>>C[C@H](CCC(=O)N[C@@H](Cc1cnc[nH]1)C(=O)O)[C@H]1CC[C@H]2[C@@H]3[C@H](O)CC4C[C@H](O)CC[C@]4(C)[C@H]3C[C@H](O)[C@]12C.NCCS(=O)(=O)O,True
lysine,Mono,glycine,GLCA,C[C@H](CCC(=O)NCC(=O)O)[C@H]1CC[C@H]2[C@@H]3CCC4C[C@H](O)CC[C@]4(C)[C@H]3CC[C@]12C.C(CCN)C[C@@H](C(=O)O)N>>C[C@H](CCC(=O)NCCCC[C@H](N)C(=O)O)[C@H]1CC[C@H]2[C@@H]3CC[C@@H]4C[C@H](O)CC[C@]4(C)[C@H]3CC[C@]12C.NCC(=O)O,True
lysine,Mono,taurine,TLCA,C[C@H](CCC(=O)NCCS(=O)(=O)O)[C@H]1CC[C@H]2[C@@H]3CC[C@@H]4C[C@H](O)CC[C@]4(C)[C@H]3CC[C@]12C.C(CCN)C[C@@H](C(=O)O)N>>C[C@H](CCC(=O)NCCCC[C@H](N)C(=O)O)[C@H]1CC[C@H]2[C@@H]3CC[C@@H]4C[C@H](O)CC[C@]4(C)[C@H]3CC[C@]12C.NCCS(=O)(=O)O,True
lysine,Di,glycine,GDCA,C[C@H](CCC(=O)NCC(=O)O)[C@H]1CC[C@H]2[C@@H]3CCC4C[C@H](O)CC[C@]4(C)[C@H]3C[C@H](O)[C@]12C.C(CCN)C[C@@H](C(=O)O)N>>C[C@H](CCC(=O)NCCCC[C@H](N)C(=O)O)[C@H]1CC[C@H]2[C@@H]3CCC4C[C@H](O)CC[C@]4(C)[C@H]3C[C@H](O)[C@]12C.NCC(=O)O,True
lysine,Di,taurine,TDCA,C[C@H](CCC(=O)NCCS(=O)(=O)O)[C@H]1CC[C@H]2[C@@H]3CCC4C[C@H](O)CC[C@]4(C)[C@H]3C[C@H](O)[C@]12C.C(CCN)C[C@@H](C(=O)O)N>>C[C@H](CCC(=O)NCCCC[C@H](N)C(=O)O)[C@H]1CC[C@H]2[C@@H]3CCC4C[C@H](O)CC[C@]4(C)[C@H]3C[C@H](O)[C@]12C.NCCS(=O)(=O)O,True
lysine,Tri,glycine,GCA,C[C@H](CCC(=O)NCC(=O)O)[C@H]1CC[C@H]2[C@@H]3[C@H](O)CC4C[C@H](O)CC[C@]4(C)[C@H]3C[C@H](O)[C@]12C.C(CCN)C[C@@H](C(=O)O)N>>C[C@H](CCC(=O)NCCCC[C@H](N)C(=O)O)[C@H]1CC[C@H]2[C@@H]3[C@H](O)CC4C[C@H](O)CC[C@]4(C)[C@H]3C[C@H](O)[C@]12C.NCC(=O)O,True
lysine,Tri,taurine,TCA,C[C@H](CCC(=O)NCCS(=O)(=O)O)[C@H]1CC[C@H]2[C@@H]3[C@H](O)CC4C[C@H](O)CC[C@]4(C)[C@H]3C[C@H](O)[C@]12C.C(CCN)C[C@@H](C(=O)O)N>>C[C@H](CCC(=O)NCCCC[C@H](N)C(=O)O)[C@H]1CC[C@H]2[C@@H]3[C@H](O)CC4C[C@H](O)CC[C@]4(C)[C@H]3C[C@H](O)[C@]12C.NCCS(=O)(=O)O,True
methionine,Mono,glycine,GLCA,C[C@H](CCC(=O)NCC(=O)O)[C@H]1CC[C@H]2[C@@H]3CCC4C[C@H](O)CC[C@]4(C)[C@H]3CC[C@]12C.CSCC[C@@H](C(=O)O)N>>CSCC[C@H](NC(=O)CC[C@@H](C)[C@H]1CC[C@H]2[C@@H]3CC[C@@H]4C[C@H](O)CC[C@]4(C)[C@H]3CC[C@]12C)C(=O)O.NCC(=O)O,True
methionine,Mono,taurine,TLCA,C[C@H](CCC(=O)NCCS(=O)(=O)O)[C@H]1CC[C@H]2[C@@H]3CC[C@@H]4C[C@H](O)CC[C@]4(C)[C@H]3CC[C@]12C.CSCC[C@@H](C(=O)O)N>>CSCC[C@H](NC(=O)CC[C@@H](C)[C@H]1CC[C@H]2[C@@H]3CC[C@@H]4C[C@H](O)CC[C@]4(C)[C@H]3CC[C@]12C)C(=O)O.NCCS(=O)(=O)O,True
methionine,Di,glycine,GDCA,C[C@H](CCC(=O)NCC(=O)O)[C@H]1CC[C@H]2[C@@H]3CCC4C[C@H](O)CC[C@]4(C)[C@H]3C[C@H](O)[C@]12C.CSCC[C@@H](C(=O)O)N>>CSCC[C@H](NC(=O)CC[C@@H](C)[C@H]1CC[C@H]2[C@@H]3CCC4C[C@H](O)CC[C@]4(C)[C@H]3C[C@H](O)[C@]12C)C(=O)O.NCC(=O)O,True
methionine,Di,taurine,TDCA,C[C@H](CCC(=O)NCCS(=O)(=O)O)[C@H]1CC[C@H]2[C@@H]3CCC4C[C@H](O)CC[C@]4(C)[C@H]3C[C@H](O)[C@]12C.CSCC[C@@H](C(=O)O)N>>CSCC[C@H](NC(=O)CC[C@@H](C)[C@H]1CC[C@H]2[C@@H]3CCC4C[C@H](O)CC[C@]4(C)[C@H]3C[C@H](O)[C@]12C)C(=O)O.NCCS(=O)(=O)O,True
methionine,Tri,glycine,GCA,C[C@H](CCC(=O)NCC(=O)O)[C@H]1CC[C@H]2[C@@H]3[C@H](O)CC4C[C@H](O)CC[C@]4(C)[C@H]3C[C@H](O)[C@]12C.CSCC[C@@H](C(=O)O)N>>CSCC[C@H](NC(=O)CC[C@@H](C)[C@H]1CC[C@H]2[C@@H]3[C@H](O)CC4C[C@H](O)CC[C@]4(C)[C@H]3C[C@H](O)[C@]12C)C(=O)O.NCC(=O)O,True
methionine,Tri,taurine,TCA,C[C@H](CCC(=O)NCCS(=O)(=O)O)[C@H]1CC[C@H]2[C@@H]3[C@H](O)CC4C[C@H](O)CC[C@]4(C)[C@H]3C[C@H](O)[C@]12C.CSCC[C@@H](C(=O)O)N>>CSCC[C@H](NC(=O)CC[C@@H](C)[C@H]1CC[C@H]2[C@@H]3[C@H](O)CC4C[C@H](O)CC[C@]4(C)[C@H]3C[C@H](O)[C@]12C)C(=O)O.NCCS(=O)(=O)O,True
ornithine,Mono,glycine,GLCA,C[C@H](CCC(=O)NCC(=O)O)[C@H]1CC[C@H]2[C@@H]3CCC4C[C@H](O)CC[C@]4(C)[C@H]3CC[C@]12C.C(C[C@@H](C(=O)O)N)CN>>C[C@H](CCC(=O)NCCC[C@H](N)C(=O)O)[C@H]1CC[C@H]2[C@@H]3CC[C@@H]4C[C@H](O)CC[C@]4(C)[C@H]3CC[C@]12C.NCC(=O)O,True
ornithine,Mono,taurine,TLCA,C[C@H](CCC(=O)NCCS(=O)(=O)O)[C@H]1CC[C@H]2[C@@H]3CC[C@@H]4C[C@H](O)CC[C@]4(C)[C@H]3CC[C@]12C.C(C[C@@H](C(=O)O)N)CN>>C[C@H](CCC(=O)NCCC[C@H](N)C(=O)O)[C@H]1CC[C@H]2[C@@H]3CC[C@@H]4C[C@H](O)CC[C@]4(C)[C@H]3CC[C@]12C.NCCS(=O)(=O)O,True
ornithine,Di,glycine,GDCA,C[C@H](CCC(=O)NCC(=O)O)[C@H]1CC[C@H]2[C@@H]3CCC4C[C@H](O)CC[C@]4(C)[C@H]3C[C@H](O)[C@]12C.C(C[C@@H](C(=O)O)N)CN>>C[C@H](CCC(=O)NCCC[C@H](N)C(=O)O)[C@H]1CC[C@H]2[C@@H]3CCC4C[C@H](O)CC[C@]4(C)[C@H]3C[C@H](O)[C@]12C.NCC(=O)O,True
ornithine,Di,taurine,TDCA,C[C@H](CCC(=O)NCCS(=O)(=O)O)[C@H]1CC[C@H]2[C@@H]3CCC4C[C@H](O)CC[C@]4(C)[C@H]3C[C@H](O)[C@]12C.C(C[C@@H](C(=O)O)N)CN>>C[C@H](CCC(=O)NCCC[C@H](N)C(=O)O)[C@H]1CC[C@H]2[C@@H]3CCC4C[C@H](O)CC[C@]4(C)[C@H]3C[C@H](O)[C@]12C.NCCS(=O)(=O)O,True
ornithine,Tri,glycine,GCA,C[C@H](CCC(=O)NCC(=O)O)[C@H]1CC[C@H]2[C@@H]3[C@H](O)CC4C[C@H](O)CC[C@]4(C)[C@H]3C[C@H](O)[C@]12C.C(C[C@@H](C(=O)O)N)CN>>C[C@H](CCC(=O)NCCC[C@H](N)C(=O)O)[C@H]1CC[C@H]2[C@@H]3[C@H](O)CC4C[C@H](O)CC[C@]4(C)[C@H]3C[C@H](O)[C@]12C.NCC(=O)O,True
ornithine,Tri,taurine,TCA,C[C@H](CCC(=O)NCCS(=O)(=O)O)[C@H]1CC[C@H]2[C@@H]3[C@H](O)CC4C[C@H](O)CC[C@]4(C)[C@H]3C[C@H](O)[C@]12C.C(C[C@@H](C(=O)O)N)CN>>C[C@H](CCC(=O)NCCC[C@H](N)C(=O)O)[C@H]1CC[C@H]2[C@@H]3[C@H](O)CC4C[C@H](O)CC[C@]4(C)[C@H]3C[C@H](O)[C@]12C.NCCS(=O)(=O)O,True
phenylalanine,Mono,glycine,GLCA,C[C@H](CCC(=O)NCC(=O)O)[C@H]1CC[C@H]2[C@@H]3CCC4C[C@H](O)CC[C@]4(C)[C@H]3CC[C@]12C.C1=CC=C(C=C1)C[C@@H](C(=O)O)N>>C[C@H](CCC(=O)N[C@@H](Cc1ccccc1)C(=O)O)[C@H]1CC[C@H]2[C@@H]3CC[C@@H]4C[C@H](O)CC[C@]4(C)[C@H]3CC[C@]12C.NCC(=O)O,True
phenylalanine,Mono,taurine,TLCA,C[C@H](CCC(=O)NCCS(=O)(=O)O)[C@H]1CC[C@H]2[C@@H]3CC[C@@H]4C[C@H](O)CC[C@]4(C)[C@H]3CC[C@]12C.C1=CC=C(C=C1)C[C@@H](C(=O)O)N>>C[C@H](CCC(=O)N[C@@H](Cc1ccccc1)C(=O)O)[C@H]1CC[C@H]2[C@@H]3CC[C@@H]4C[C@H](O)CC[C@]4(C)[C@H]3CC[C@]12C.NCCS(=O)(=O)O,True
phenylalanine,Di,glycine,GDCA,C[C@H](CCC(=O)NCC(=O)O)[C@H]1CC[C@H]2[C@@H]3CCC4C[C@H](O)CC[C@]4(C)[C@H]3C[C@H](O)[C@]12C.C1=CC=C(C=C1)C[C@@H](C(=O)O)N>>C[C@H](CCC(=O)N[C@@H](Cc1ccccc1)C(=O)O)[C@H]1CC[C@H]2[C@@H]3CCC4C[C@H](O)CC[C@]4(C)[C@H]3C[C@H](O)[C@]12C.NCC(=O)O,True
phenylalanine,Di,taurine,TDCA,C[C@H](CCC(=O)NCCS(=O)(=O)O)[C@H]1CC[C@H]2[C@@H]3CCC4C[C@H](O)CC[C@]4(C)[C@H]3C[C@H](O)[C@]12C.C1=CC=C(C=C1)C[C@@H](C(=O)O)N>>C[C@H](CCC(=O)N[C@@H](Cc1ccccc1)C(=O)O)[C@H]1CC[C@H]2[C@@H]3CCC4C[C@H](O)CC[C@]4(C)[C@H]3C[C@H](O)[C@]12C.NCCS(=O)(=O)O,True
phenylalanine,Tri,glycine,GCA,C[C@H](CCC(=O)NCC(=O)O)[C@H]1CC[C@H]2[C@@H]3[C@H](O)CC4C[C@H](O)CC[C@]4(C)[C@H]3C[C@H](O)[C@]12C.C1=CC=C(C=C1)C[C@@H](C(=O)O)N>>C[C@H](CCC(=O)N[C@@H](Cc1ccccc1)C(=O)O)[C@H]1CC[C@H]2[C@@H]3[C@H](O)CC4C[C@H](O)CC[C@]4(C)[C@H]3C[C@H](O)[C@]12C.NCC(=O)O,True
phenylalanine,Tri,taurine,TCA,C[C@H](CCC(=O)NCCS(=O)(=O)O)[C@H]1CC[C@H]2[C@@H]3[C@H](O)CC4C[C@H](O)CC[C@]4(C)[C@H]3C[C@H](O)[C@]12C.C1=CC=C(C=C1)C[C@@H](C(=O)O)N>>C[C@H](CCC(=O)N[C@@H](Cc1ccccc1)C(=O)O)[C@H]1CC[C@H]2[C@@H]3[C@H](O)CC4C[C@H](O)CC[C@]4(C)[C@H]3C[C@H](O)[C@]12C.NCCS(=O)(=O)O,True
serine,Mono,glycine,GLCA,C[C@H](CCC(=O)NCC(=O)O)[C@H]1CC[C@H]2[C@@H]3CCC4C[C@H](O)CC[C@]4(C)[C@H]3CC[C@]12C.C([C@@H](C(=O)O)N)O>>C[C@H](CCC(=O)N[C@@H](CO)C(=O)O)[C@H]1CC[C@H]2[C@@H]3CC[C@@H]4C[C@H](O)CC[C@]4(C)[C@H]3CC[C@]12C.NCC(=O)O,True
serine,Mono,taurine,TLCA,C[C@H](CCC(=O)NCCS(=O)(=O)O)[C@H]1CC[C@H]2[C@@H]3CC[C@@H]4C[C@H](O)CC[C@]4(C)[C@H]3CC[C@]12C.C([C@@H](C(=O)O)N)O>>C[C@H](CCC(=O)N[C@@H](CO)C(=O)O)[C@H]1CC[C@H]2[C@@H]3CC[C@@H]4C[C@H](O)CC[C@]4(C)[C@H]3CC[C@]12C.NCCS(=O)(=O)O,True
serine,Di,glycine,GDCA,C[C@H](CCC(=O)NCC(=O)O)[C@H]1CC[C@H]2[C@@H]3CCC4C[C@H](O)CC[C@]4(C)[C@H]3C[C@H](O)[C@]12C.C([C@@H](C(=O)O)N)O>>C[C@H](CCC(=O)N[C@@H](CO)C(=O)O)[C@H]1CC[C@H]2[C@@H]3CCC4C[C@H](O)CC[C@]4(C)[C@H]3C[C@H](O)[C@]12C.NCC(=O)O,True
serine,Di,taurine,TDCA,C[C@H](CCC(=O)NCCS(=O)(=O)O)[C@H]1CC[C@H]2[C@@H]3CCC4C[C@H](O)CC[C@]4(C)[C@H]3C[C@H](O)[C@]12C.C([C@@H](C(=O)O)N)O>>C[C@H](CCC(=O)N[C@@H](CO)C(=O)O)[C@H]1CC[C@H]2[C@@H]3CCC4C[C@H](O)CC[C@]4(C)[C@H]3C[C@H](O)[C@]12C.NCCS(=O)(=O)O,True
serine,Tri,glycine,GCA,C[C@H](CCC(=O)NCC(=O)O)[C@H]1CC[C@H]2[C@@H]3[C@H](O)CC4C[C@H](O)CC[C@]4(C)[C@H]3C[C@H](O)[C@]12C.C([C@@H](C(=O)O)N)O>>C[C@H](CCC(=O)N[C@@H](CO)C(=O)O)[C@H]1CC[C@H]2[C@@H]3[C@H](O)CC4C[C@H](O)CC[C@]4(C)[C@H]3C[C@H](O)[C@]12C.NCC(=O)O,True
serine,Tri,taurine,TCA,C[C@H](CCC(=O)NCCS(=O)(=O)O)[C@H]1CC[C@H]2[C@@H]3[C@H](O)CC4C[C@H](O)CC[C@]4(C)[C@H]3C[C@H](O)[C@]12C.C([C@@H](C(=O)O)N)O>>C[C@H](CCC(=O)N[C@@H](CO)C(=O)O)[C@H]1CC[C@H]2[C@@H]3[C@H](O)CC4C[C@H](O)CC[C@]4(C)[C@H]3C[C@H](O)[C@]12C.NCCS(=O)(=O)O,True
threonine,Mono,glycine,GLCA,C[C@H](CCC(=O)NCC(=O)O)[C@H]1CC[C@H]2[C@@H]3CCC4C[C@H](O)CC[C@]4(C)[C@H]3CC[C@]12C.C[C@H]([C@@H](C(=O)O)N)O>>C[C@H](CCC(=O)N[C@H](C(=O)O)[C@@H](C)O)[C@H]1CC[C@H]2[C@@H]3CC[C@@H]4C[C@H](O)CC[C@]4(C)[C@H]3CC[C@]12C.NCC(=O)O,True
threonine,Mono,taurine,TLCA,C[C@H](CCC(=O)NCCS(=O)(=O)O)[C@H]1CC[C@H]2[C@@H]3CC[C@@H]4C[C@H](O)CC[C@]4(C)[C@H]3CC[C@]12C.C[C@H]([C@@H](C(=O)O)N)O>>C[C@H](CCC(=O)N[C@H](C(=O)O)[C@@H](C)O)[C@H]1CC[C@H]2[C@@H]3CC[C@@H]4C[C@H](O)CC[C@]4(C)[C@H]3CC[C@]12C.NCCS(=O)(=O)O,True
threonine,Di,glycine,GDCA,C[C@H](CCC(=O)NCC(=O)O)[C@H]1CC[C@H]2[C@@H]3CCC4C[C@H](O)CC[C@]4(C)[C@H]3C[C@H](O)[C@]12C.C[C@H]([C@@H](C(=O)O)N)O>>C[C@H](CCC(=O)N[C@H](C(=O)O)[C@@H](C)O)[C@H]1CC[C@H]2[C@@H]3CCC4C[C@H](O)CC[C@]4(C)[C@H]3C[C@H](O)[C@]12C.NCC(=O)O,True
threonine,Di,taurine,TDCA,C[C@H](CCC(=O)NCCS(=O)(=O)O)[C@H]1CC[C@H]2[C@@H]3CCC4C[C@H](O)CC[C@]4(C)[C@H]3C[C@H](O)[C@]12C.C[C@H]([C@@H](C(=O)O)N)O>>C[C@H](CCC(=O)N[C@H](C(=O)O)[C@@H](C)O)[C@H]1CC[C@H]2[C@@H]3CCC4C[C@H](O)CC[C@]4(C)[C@H]3C[C@H](O)[C@]12C.NCCS(=O)(=O)O,True
threonine,Tri,glycine,GCA,C[C@H](CCC(=O)NCC(=O)O)[C@H]1CC[C@H]2[C@@H]3[C@H](O)CC4C[C@H](O)CC[C@]4(C)[C@H]3C[C@H](O)[C@]12C.C[C@H]([C@@H](C(=O)O)N)O>>C[C@H](CCC(=O)N[C@H](C(=O)O)[C@@H](C)O)[C@H]1CC[C@H]2[C@@H]3[C@H](O)CC4C[C@H](O)CC[C@]4(C)[C@H]3C[C@H](O)[C@]12C.NCC(=O)O,True
threonine,Tri,taurine,TCA,C[C@H](CCC(=O)NCCS(=O)(=O)O)[C@H]1CC[C@H]2[C@@H]3[C@H](O)CC4C[C@H](O)CC[C@]4(C)[C@H]3C[C@H](O)[C@]12C.C[C@H]([C@@H](C(=O)O)N)O>>C[C@H](CCC(=O)N[C@H](C(=O)O)[C@@H](C)O)[C@H]1CC[C@H]2[C@@H]3[C@H](O)CC4C[C@H](O)CC[C@]4(C)[C@H]3C[C@H](O)[C@]12C.NCCS(=O)(=O)O,True
tryptamine,Mono,glycine,GLCA,C[C@H](CCC(=O)NCC(=O)O)[C@H]1CC[C@H]2[C@@H]3CCC4C[C@H](O)CC[C@]4(C)[C@H]3CC[C@]12C.C1=CC=C2C(=C1)C(=CN2)CCN>>C[C@H](CCC(=O)NCCc1c[nH]c2ccccc12)[C@H]1CC[C@H]2[C@@H]3CC[C@@H]4C[C@H](O)CC[C@]4(C)[C@H]3CC[C@]12C.NCC(=O)O,True
tryptamine,Mono,taurine,TLCA,C[C@H](CCC(=O)NCCS(=O)(=O)O)[C@H]1CC[C@H]2[C@@H]3CC[C@@H]4C[C@H](O)CC[C@]4(C)[C@H]3CC[C@]12C.C1=CC=C2C(=C1)C(=CN2)CCN>>C[C@H](CCC(=O)NCCc1c[nH]c2ccccc12)[C@H]1CC[C@H]2[C@@H]3CC[C@@H]4C[C@H](O)CC[C@]4(C)[C@H]3CC[C@]12C.NCCS(=O)(=O)O,True
tryptamine,Di,glycine,GDCA,C[C@H](CCC(=O)NCC(=O)O)[C@H]1CC[C@H]2[C@@H]3CCC4C[C@H](O)CC[C@]4(C)[C@H]3C[C@H](O)[C@]12C.C1=CC=C2C(=C1)C(=CN2)CCN>>C[C@H](CCC(=O)NCCc1c[nH]c2ccccc12)[C@H]1CC[C@H]2[C@@H]3CCC4C[C@H](O)CC[C@]4(C)[C@H]3C[C@H](O)[C@]12C.NCC(=O)O,True
tryptamine,Di,taurine,TDCA,C[C@H](CCC(=O)NCCS(=O)(=O)O)[C@H]1CC[C@H]2[C@@H]3CCC4C[C@H](O)CC[C@]4(C)[C@H]3C[C@H](O)[C@]12C.C1=CC=C2C(=C1)C(=CN2)CCN>>C[C@H](CCC(=O)NCCc1c[nH]c2ccccc12)[C@H]1CC[C@H]2[C@@H]3CCC4C[C@H](O)CC[C@]4(C)[C@H]3C[C@H](O)[C@]12C.NCCS(=O)(=O)O,True
tryptamine,Tri,glycine,GCA,C[C@H](CCC(=O)NCC(=O)O)[C@H]1CC[C@H]2[C@@H]3[C@H](O)CC4C[C@H](O)CC[C@]4(C)[C@H]3C[C@H](O)[C@]12C.C1=CC=C2C(=C1)C(=CN2)CCN>>C[C@H](CCC(=O)NCCc1c[nH]c2ccccc12)[C@H]1CC[C@H]2[C@@H]3[C@H](O)CC4C[C@H](O)CC[C@]4(C)[C@H]3C[C@H](O)[C@]12C.NCC(=O)O,True
tryptamine,Tri,taurine,TCA,C[C@H](CCC(=O)NCCS(=O)(=O)O)[C@H]1CC[C@H]2[C@@H]3[C@H](O)CC4C[C@H](O)CC[C@]4(C)[C@H]3C[C@H](O)[C@]12C.C1=CC=C2C(=C1)C(=CN2)CCN>>C[C@H](CCC(=O)NCCc1c[nH]c2ccccc12)[C@H]1CC[C@H]2[C@@H]3[C@H](O)CC4C[C@H](O)CC[C@]4(C)[C@H]3C[C@H](O)[C@]12C.NCCS(=O)(=O)O,True
cadaverine,Mono,glycine,GLCA,C[C@H](CCC(=O)NCC(=O)O)[C@H]1CC[C@H]2[C@@H]3CCC4C[C@H](O)CC[C@]4(C)[C@H]3CC[C@]12C.C(CCN)CCN>>C[C@H](CCC(=O)NCCCCCN)[C@H]1CC[C@H]2[C@@H]3CC[C@@H]4C[C@H](O)CC[C@]4(C)[C@H]3CC[C@]12C.NCC(=O)O,True
cadaverine,Mono,taurine,TLCA,C[C@H](CCC(=O)NCCS(=O)(=O)O)[C@H]1CC[C@H]2[C@@H]3CC[C@@H]4C[C@H](O)CC[C@]4(C)[C@H]3CC[C@]12C.C(CCN)CCN>>C[C@H](CCC(=O)NCCCCCN)[C@H]1CC[C@H]2[C@@H]3CC[C@@H]4C[C@H](O)CC[C@]4(C)[C@H]3CC[C@]12C.NCCS(=O)(=O)O,True
cadaverine,Di,glycine,GDCA,C[C@H](CCC(=O)NCC(=O)O)[C@H]1CC[C@H]2[C@@H]3CCC4C[C@H](O)CC[C@]4(C)[C@H]3C[C@H](O)[C@]12C.C(CCN)CCN>>C[C@H](CCC(=O)NCCCCCN)[C@H]1CC[C@H]2[C@@H]3CCC4C[C@H](O)CC[C@]4(C)[C@H]3C[C@H](O)[C@]12C.NCC(=O)O,True
cadaverine,Di,taurine,TDCA,C[C@H](CCC(=O)NCCS(=O)(=O)O)[C@H]1CC[C@H]2[C@@H]3CCC4C[C@H](O)CC[C@]4(C)[C@H]3C[C@H](O)[C@]12C.C(CCN)CCN>>C[C@H](CCC(=O)NCCCCCN)[C@H]1CC[C@H]2[C@@H]3CCC4C[C@H](O)CC[C@]4(C)[C@H]3C[C@H](O)[C@]12C.NCCS(=O)(=O)O,True
cadaverine,Tri,glycine,GCA,C[C@H](CCC(=O)NCC(=O)O)[C@H]1CC[C@H]2[C@@H]3[C@H](O)CC4C[C@H](O)CC[C@]4(C)[C@H]3C[C@H](O)[C@]12C.C(CCN)CCN>>C[C@H](CCC(=O)NCCCCCN)[C@H]1CC[C@H]2[C@@H]3[C@H](O)CC4C[C@H](O)CC[C@]4(C)[C@H]3C[C@H](O)[C@]12C.NCC(=O)O,True
cadaverine,Tri,taurine,TCA,C[C@H](CCC(=O)NCCS(=O)(=O)O)[C@H]1CC[C@H]2[C@@H]3[C@H](O)CC4C[C@H](O)CC[C@]4(C)[C@H]3C[C@H](O)[C@]12C.C(CCN)CCN>>C[C@H](CCC(=O)NCCCCCN)[C@H]1CC[C@H]2[C@@H]3[C@H](O)CC4C[C@H](O)CC[C@]4(C)[C@H]3C[C@H](O)[C@]12C.NCCS(=O)(=O)O,True
putrescine,Mono,glycine,GLCA,C[C@H](CCC(=O)NCC(=O)O)[C@H]1CC[C@H]2[C@@H]3CCC4C[C@H](O)CC[C@]4(C)[C@H]3CC[C@]12C.C(CCN)CN>>C[C@H](CCC(=O)NCCCCN)[C@H]1CC[C@H]2[C@@H]3CC[C@@H]4C[C@H](O)CC[C@]4(C)[C@H]3CC[C@]12C.NCC(=O)O,True
putrescine,Mono,taurine,TLCA,C[C@H](CCC(=O)NCCS(=O)(=O)O)[C@H]1CC[C@H]2[C@@H]3CC[C@@H]4C[C@H](O)CC[C@]4(C)[C@H]3CC[C@]12C.C(CCN)CN>>C[C@H](CCC(=O)NCCCCN)[C@H]1CC[C@H]2[C@@H]3CC[C@@H]4C[C@H](O)CC[C@]4(C)[C@H]3CC[C@]12C.NCCS(=O)(=O)O,True
putrescine,Di,glycine,GDCA,C[C@H](CCC(=O)NCC(=O)O)[C@H]1CC[C@H]2[C@@H]3CCC4C[C@H](O)CC[C@]4(C)[C@H]3C[C@H](O)[C@]12C.C(CCN)CN>>C[C@H](CCC(=O)NCCCCN)[C@H]1CC[C@H]2[C@@H]3CCC4C[C@H](O)CC[C@]4(C)[C@H]3C[C@H](O)[C@]12C.NCC(=O)O,True
putrescine,Di,taurine,TDCA,C[C@H](CCC(=O)NCCS(=O)(=O)O)[C@H]1CC[C@H]2[C@@H]3CCC4C[C@H](O)CC[C@]4(C)[C@H]3C[C@H](O)[C@]12C.C(CCN)CN>>C[C@H](CCC(=O)NCCCCN)[C@H]1CC[C@H]2[C@@H]3CCC4C[C@H](O)CC[C@]4(C)[C@H]3C[C@H](O)[C@]12C.NCCS(=O)(=O)O,True
putrescine,Tri,glycine,GCA,C[C@H](CCC(=O)NCC(=O)O)[C@H]1CC[C@H]2[C@@H]3[C@H](O)CC4C[C@H](O)CC[C@]4(C)[C@H]3C[C@H](O)[C@]12C.C(CCN)CN>>C[C@H](CCC(=O)NCCCCN)[C@H]1CC[C@H]2[C@@H]3[C@H](O)CC4C[C@H](O)CC[C@]4(C)[C@H]3C[C@H](O)[C@]12C.NCC(=O)O,True
putrescine,Tri,taurine,TCA,C[C@H](CCC(=O)NCCS(=O)(=O)O)[C@H]1CC[C@H]2[C@@H]3[C@H](O)CC4C[C@H](O)CC[C@]4(C)[C@H]3C[C@H](O)[C@]12C.C(CCN)CN>>C[C@H](CCC(=O)NCCCCN)[C@H]1CC[C@H]2[C@@H]3[C@H](O)CC4C[C@H](O)CC[C@]4(C)[C@H]3C[C@H](O)[C@]12C.NCCS(=O)(=O)O,True
2_aminophenol,Mono,glycine,GLCA,C[C@H](CCC(=O)NCC(=O)O)[C@H]1CC[C@H]2[C@@H]3CCC4C[C@H](O)CC[C@]4(C)[C@H]3CC[C@]12C.C1=CC=C(C(=C1)N)O>>C[C@H](CCC(=O)Nc1ccccc1O)[C@H]1CC[C@H]2[C@@H]3CC[C@@H]4C[C@H](O)CC[C@]4(C)[C@H]3CC[C@]12C.NCC(=O)O,True
2_aminophenol,Mono,taurine,TLCA,C[C@H](CCC(=O)NCCS(=O)(=O)O)[C@H]1CC[C@H]2[C@@H]3CC[C@@H]4C[C@H](O)CC[C@]4(C)[C@H]3CC[C@]12C.C1=CC=C(C(=C1)N)O>>C[C@H](CCC(=O)Nc1ccccc1O)[C@H]1CC[C@H]2[C@@H]3CC[C@@H]4C[C@H](O)CC[C@]4(C)[C@H]3CC[C@]12C.NCCS(=O)(=O)O,True
2_aminophenol,Di,glycine,GDCA,C[C@H](CCC(=O)NCC(=O)O)[C@H]1CC[C@H]2[C@@H]3CCC4C[C@H](O)CC[C@]4(C)[C@H]3C[C@H](O)[C@]12C.C1=CC=C(C(=C1)N)O>>C[C@H](CCC(=O)Nc1ccccc1O)[C@H]1CC[C@H]2[C@@H]3CCC4C[C@H](O)CC[C@]4(C)[C@H]3C[C@H](O)[C@]12C.NCC(=O)O,True
2_aminophenol,Di,taurine,TDCA,C[C@H](CCC(=O)NCCS(=O)(=O)O)[C@H]1CC[C@H]2[C@@H]3CCC4C[C@H](O)CC[C@]4(C)[C@H]3C[C@H](O)[C@]12C.C1=CC=C(C(=C1)N)O>>C[C@H](CCC(=O)Nc1ccccc1O)[C@H]1CC[C@H]2[C@@H]3CCC4C[C@H](O)CC[C@]4(C)[C@H]3C[C@H](O)[C@]12C.NCCS(=O)(=O)O,True
2_aminophenol,Tri,glycine,GCA,C[C@H](CCC(=O)NCC(=O)O)[C@H]1CC[C@H]2[C@@H]3[C@H](O)CC4C[C@H](O)CC[C@]4(C)[C@H]3C[C@H](O)[C@]12C.C1=CC=C(C(=C1)N)O>>C[C@H](CCC(=O)Nc1ccccc1O)[C@H]1CC[C@H]2[C@@H]3[C@H](O)CC4C[C@H](O)CC[C@]4(C)[C@H]3C[C@H](O)[C@]12C.NCC(=O)O,True
2_aminophenol,Tri,taurine,TCA,C[C@H](CCC(=O)NCCS(=O)(=O)O)[C@H]1CC[C@H]2[C@@H]3[C@H](O)CC4C[C@H](O)CC[C@]4(C)[C@H]3C[C@H](O)[C@]12C.C1=CC=C(C(=C1)N)O>>C[C@H](CCC(=O)Nc1ccccc1O)[C@H]1CC[C@H]2[C@@H]3[C@H](O)CC4C[C@H](O)CC[C@]4(C)[C@H]3C[C@H](O)[C@]12C.NCCS(=O)(=O)O,True
serotonin,Mono,glycine,GLCA,C[C@H](CCC(=O)NCC(=O)O)[C@H]1CC[C@H]2[C@@H]3CCC4C[C@H](O)CC[C@]4(C)[C@H]3CC[C@]12C.NCCc1c[nH]c2ccc(O)cc12>>C[C@H](CCC(=O)NCCc1c[nH]c2ccc(O)cc12)[C@H]1CC[C@H]2[C@@H]3CC[C@@H]4C[C@H](O)CC[C@]4(C)[C@H]3CC[C@]12C.NCC(=O)O,True
serotonin,Mono,taurine,TLCA,C[C@H](CCC(=O)NCCS(=O)(=O)O)[C@H]1CC[C@H]2[C@@H]3CC[C@@H]4C[C@H](O)CC[C@]4(C)[C@H]3CC[C@]12C.NCCc1c[nH]c2ccc(O)cc12>>C[C@H](CCC(=O)NCCc1c[nH]c2ccc(O)cc12)[C@H]1CC[C@H]2[C@@H]3CC[C@@H]4C[C@H](O)CC[C@]4(C)[C@H]3CC[C@]12C.NCCS(=O)(=O)O,True
serotonin,Di,glycine,GDCA,C[C@H](CCC(=O)NCC(=O)O)[C@H]1CC[C@H]2[C@@H]3CCC4C[C@H](O)CC[C@]4(C)[C@H]3C[C@H](O)[C@]12C.NCCc1c[nH]c2ccc(O)cc12>>C[C@H](CCC(=O)NCCc1c[nH]c2ccc(O)cc12)[C@H]1CC[C@H]2[C@@H]3CCC4C[C@H](O)CC[C@]4(C)[C@H]3C[C@H](O)[C@]12C.NCC(=O)O,True
serotonin,Di,taurine,TDCA,C[C@H](CCC(=O)NCCS(=O)(=O)O)[C@H]1CC[C@H]2[C@@H]3CCC4C[C@H](O)CC[C@]4(C)[C@H]3C[C@H](O)[C@]12C.NCCc1c[nH]c2ccc(O)cc12>>C[C@H](CCC(=O)NCCc1c[nH]c2ccc(O)cc12)[C@H]1CC[C@H]2[C@@H]3CCC4C[C@H](O)CC[C@]4(C)[C@H]3C[C@H](O)[C@]12C.NCCS(=O)(=O)O,True
serotonin,Tri,glycine,GCA,C[C@H](CCC(=O)NCC(=O)O)[C@H]1CC[C@H]2[C@@H]3[C@H](O)CC4C[C@H](O)CC[C@]4(C)[C@H]3C[C@H](O)[C@]12C.NCCc1c[nH]c2ccc(O)cc12>>C[C@H](CCC(=O)NCCc1c[nH]c2ccc(O)cc12)[C@H]1CC[C@H]2[C@@H]3[C@H](O)CC4C[C@H](O)CC[C@]4(C)[C@H]3C[C@H](O)[C@]12C.NCC(=O)O,True
serotonin,Tri,taurine,TCA,C[C@H](CCC(=O)NCCS(=O)(=O)O)[C@H]1CC[C@H]2[C@@H]3[C@H](O)CC4C[C@H](O)CC[C@]4(C)[C@H]3C[C@H](O)[C@]12C.NCCc1c[nH]c2ccc(O)cc12>>C[C@H](CCC(=O)NCCc1c[nH]c2ccc(O)cc12)[C@H]1CC[C@H]2[C@@H]3[C@H](O)CC4C[C@H](O)CC[C@]4(C)[C@H]3C[C@H](O)[C@]12C.NCCS(=O)(=O)O,True
tyramine,Mono,glycine,GLCA,C[C@H](CCC(=O)NCC(=O)O)[C@H]1CC[C@H]2[C@@H]3CCC4C[C@H](O)CC[C@]4(C)[C@H]3CC[C@]12C.NCCc1ccc(O)cc1>>C[C@H](CCC(=O)NCCc1ccc(O)cc1)[C@H]1CC[C@H]2[C@@H]3CC[C@@H]4C[C@H](O)CC[C@]4(C)[C@H]3CC[C@]12C.NCC(=O)O,True
tyramine,Mono,taurine,TLCA,C[C@H](CCC(=O)NCCS(=O)(=O)O)[C@H]1CC[C@H]2[C@@H]3CC[C@@H]4C[C@H](O)CC[C@]4(C)[C@H]3CC[C@]12C.NCCc1ccc(O)cc1>>C[C@H](CCC(=O)NCCc1ccc(O)cc1)[C@H]1CC[C@H]2[C@@H]3CC[C@@H]4C[C@H](O)CC[C@]4(C)[C@H]3CC[C@]12C.NCCS(=O)(=O)O,True
tyramine,Di,glycine,GDCA,C[C@H](CCC(=O)NCC(=O)O)[C@H]1CC[C@H]2[C@@H]3CCC4C[C@H](O)CC[C@]4(C)[C@H]3C[C@H](O)[C@]12C.NCCc1ccc(O)cc1>>C[C@H](CCC(=O)NCCc1ccc(O)cc1)[C@H]1CC[C@H]2[C@@H]3CCC4C[C@H](O)CC[C@]4(C)[C@H]3C[C@H](O)[C@]12C.NCC(=O)O,True
tyramine,Di,taurine,TDCA,C[C@H](CCC(=O)NCCS(=O)(=O)O)[C@H]1CC[C@H]2[C@@H]3CCC4C[C@H](O)CC[C@]4(C)[C@H]3C[C@H](O)[C@]12C.NCCc1ccc(O)cc1>>C[C@H](CCC(=O)NCCc1ccc(O)cc1)[C@H]1CC[C@H]2[C@@H]3CCC4C[C@H](O)CC[C@]4(C)[C@H]3C[C@H](O)[C@]12C.NCCS(=O)(=O)O,True
tyramine,Tri,glycine,GCA,C[C@H](CCC(=O)NCC(=O)O)[C@H]1CC[C@H]2[C@@H]3[C@H](O)CC4C[C@H](O)CC[C@]4(C)[C@H]3C[C@H](O)[C@]12C.NCCc1ccc(O)cc1>>C[C@H](CCC(=O)NCCc1ccc(O)cc1)[C@H]1CC[C@H]2[C@@H]3[C@H](O)CC4C[C@H](O)CC[C@]4(C)[C@H]3C[C@H](O)[C@]12C.NCC(=O)O,True
tyramine,Tri,taurine,TCA,C[C@H](CCC(=O)NCCS(=O)(=O)O)[C@H]1CC[C@H]2[C@@H]3[C@H](O)CC4C[C@H](O)CC[C@]4(C)[C@H]3C[C@H](O)[C@]12C.NCCc1ccc(O)cc1>>C[C@H](CCC(=O)NCCc1ccc(O)cc1)[C@H]1CC[C@H]2[C@@H]3[C@H](O)CC4C[C@H](O)CC[C@]4(C)[C@H]3C[C@H](O)[C@]12C.NCCS(=O)(=O)O,True
cystine,Mono,glycine,GLCA,C[C@H](CCC(=O)NCC(=O)O)[C@H]1CC[C@H]2[C@@H]3CCC4C[C@H](O)CC[C@]4(C)[C@H]3CC[C@]12C.OC(=O)C(N)CSSCC(N)C(=O)O>>C[C@H](CCC(=O)NC(CSSCC(N)C(=O)O)C(=O)O)[C@H]1CC[C@H]2[C@@H]3CC[C@@H]4C[C@H](O)CC[C@]4(C)[C@H]3CC[C@]12C.NCC(=O)O,True
cystine,Mono,taurine,TLCA,C[C@H](CCC(=O)NCCS(=O)(=O)O)[C@H]1CC[C@H]2[C@@H]3CC[C@@H]4C[C@H](O)CC[C@]4(C)[C@H]3CC[C@]12C.OC(=O)C(N)CSSCC(N)C(=O)O>>C[C@H](CCC(=O)NC(CSSCC(N)C(=O)O)C(=O)O)[C@H]1CC[C@H]2[C@@H]3CC[C@@H]4C[C@H](O)CC[C@]4(C)[C@H]3CC[C@]12C.NCCS(=O)(=O)O,True
cystine,Di,glycine,GDCA,C[C@H](CCC(=O)NCC(=O)O)[C@H]1CC[C@H]2[C@@H]3CCC4C[C@H](O)CC[C@]4(C)[C@H]3C[C@H](O)[C@]12C.OC(=O)C(N)CSSCC(N)C(=O)O>>C[C@H](CCC(=O)NC(CSSCC(N)C(=O)O)C(=O)O)[C@H]1CC[C@H]2[C@@H]3CCC4C[C@H](O)CC[C@]4(C)[C@H]3C[C@H](O)[C@]12C.NCC(=O)O,True
cystine,Di,taurine,TDCA,C[C@H](CCC(=O)NCCS(=O)(=O)O)[C@H]1CC[C@H]2[C@@H]3CCC4C[C@H](O)CC[C@]4(C)[C@H]3C[C@H](O)[C@]12C.OC(=O)C(N)CSSCC(N)C(=O)O>>C[C@H](CCC(=O)NC(CSSCC(N)C(=O)O)C(=O)O)[C@H]1CC[C@H]2[C@@H]3CCC4C[C@H](O)CC[C@]4(C)[C@H]3C[C@H](O)[C@]12C.NCCS(=O)(=O)O,True
cystine,Tri,glycine,GCA,C[C@H](CCC(=O)NCC(=O)O)[C@H]1CC[C@H]2[C@@H]3[C@H](O)CC4C[C@H](O)CC[C@]4(C)[C@H]3C[C@H](O)[C@]12C.OC(=O)C(N)CSSCC(N)C(=O)O>>C[C@H](CCC(=O)NC(CSSCC(N)C(=O)O)C(=O)O)[C@H]1CC[C@H]2[C@@H]3[C@H](O)CC4C[C@H](O)CC[C@]4(C)[C@H]3C[C@H](O)[C@]12C.NCC(=O)O,True
cystine,Tri,taurine,TCA,C[C@H](CCC(=O)NCCS(=O)(=O)O)[C@H]1CC[C@H]2[C@@H]3[C@H](O)CC4C[C@H](O)CC[C@]4(C)[C@H]3C[C@H](O)[C@]12C.OC(=O)C(N)CSSCC(N)C(=O)O>>C[C@H](CCC(=O)NC(CSSCC(N)C(=O)O)C(=O)O)[C@H]1CC[C@H]2[C@@H]3[C@H](O)CC4C[C@H](O)CC[C@]4(C)[C@H]3C[C@H](O)[C@]12C.NCCS(=O)(=O)O,True
